{
  "0": [
    20.000001907348633,
    20.000001907348633,
    20.000001907348633,
    20.000001907348633,
    20.000001907348633,
    20.000001907348633,
    20.000001907348633,
    20.000001907348633,
    33.333335876464844,
    40.000003814697266,
    26.666667938232422,
    33.333335876464844,
    46.66667175292969,
    60.000003814697266,
    46.66667175292969,
    53.333335876464844,
    60.000003814697266,
    20.000001907348633,
    66.66667175292969,
    53.333335876464844,
    53.333335876464844,
    66.66667175292969,
    66.66667175292969,
    73.33333587646484,
    40.000003814697266,
    46.66667175292969,
    66.66667175292969,
    66.66667175292969,
    86.66667175292969,
    100.0,
    80.00000762939453,
    80.00000762939453,
    86.66667175292969,
    80.00000762939453,
    80.00000762939453,
    86.66667175292969,
    73.33333587646484,
    100.0,
    93.33334350585938,
    100.0,
    100.0,
    100.0,
    100.0,
    100.0,
    86.66667175292969,
    86.66667175292969,
    93.33334350585938,
    93.33334350585938,
    86.66667175292969,
    86.66667175292969,
    100.0,
    93.33334350585938,
    93.33334350585938,
    100.0,
    100.0,
    100.0,
    100.0,
    100.0,
    93.33334350585938,
    100.0,
    93.33334350585938,
    93.33334350585938,
    93.33334350585938,
    93.33334350585938,
    100.0,
    100.0,
    100.0,
    100.0,
    100.0,
    93.33334350585938,
    100.0,
    100.0,
    100.0,
    100.0,
    100.0,
    100.0,
    100.0,
    100.0,
    93.33334350585938,
    100.0,
    93.33334350585938,
    93.33334350585938,
    100.0,
    93.33334350585938,
    93.33334350585938,
    100.0,
    100.0,
    100.0,
    100.0,
    100.0,
    100.0,
    100.0,
    100.0,
    86.66667175292969
  ],
  "1": [
    10.000000953674316,
    20.000001907348633,
    20.000001907348633,
    23.333335876464844,
    20.000001907348633,
    30.000001907348633,
    53.333335876464844,
    33.333335876464844,
    46.66667175292969,
    43.333335876464844,
    53.333335876464844,
    40.000003814697266,
    53.333335876464844,
    70.00000762939453,
    60.000003814697266,
    66.66667175292969,
    60.000003814697266,
    56.66667175292969,
    80.00000762939453,
    56.66667175292969,
    70.00000762939453,
    70.00000762939453,
    73.33333587646484,
    73.33333587646484,
    66.66667175292969,
    66.66667175292969,
    73.33333587646484,
    70.00000762939453,
    93.33334350585938,
    96.66667175292969,
    96.66667175292969,
    93.33334350585938,
    93.33334350585938,
    90.0,
    86.66667175292969,
    70.00000762939453,
    73.33333587646484,
    90.0,
    86.66667175292969,
    100.0,
    100.0,
    100.0,
    100.0,
    96.66667175292969,
    93.33334350585938,
    100.0,
    93.33334350585938,
    100.0,
    96.66667175292969,
    93.33334350585938,
    86.66667175292969,
    93.33334350585938,
    96.66667175292969,
    100.0,
    100.0,
    100.0,
    100.0,
    100.0,
    96.66667175292969,
    100.0,
    96.66667175292969,
    100.0,
    96.66667175292969,
    96.66667175292969,
    100.0,
    100.0,
    100.0,
    100.0,
    100.0,
    96.66667175292969,
    100.0,
    100.0,
    100.0,
    100.0,
    100.0,
    100.0,
    100.0,
    100.0,
    100.0,
    100.0,
    100.0,
    100.0,
    100.0,
    100.0,
    96.66667175292969,
    100.0,
    93.33334350585938,
    90.0,
    90.0,
    100.0,
    100.0,
    100.0,
    100.0,
    96.66667175292969
  ],
  "2": [
    6.6666669845581055,
    20.0,
    20.0,
    20.0,
    22.22222328186035,
    31.111112594604492,
    33.333335876464844,
    33.333335876464844,
    37.77777862548828,
    42.22222137451172,
    44.4444465637207,
    37.77777862548828,
    53.333335876464844,
    48.88888931274414,
    53.333335876464844,
    62.222225189208984,
    64.44444274902344,
    57.77777862548828,
    68.8888931274414,
    55.55555725097656,
    66.66667175292969,
    75.55555725097656,
    71.11111450195312,
    77.77777862548828,
    80.0,
    73.33333587646484,
    86.66666412353516,
    86.66666412353516,
    84.44444274902344,
    86.66666412353516,
    97.77777862548828,
    91.11111450195312,
    97.77777862548828,
    91.11111450195312,
    93.33333587646484,
    86.66666412353516,
    84.44444274902344,
    97.77777862548828,
    86.66666412353516,
    100.0,
    100.0,
    100.0,
    100.0,
    100.0,
    95.55555725097656,
    100.0,
    97.77777862548828,
    97.77777862548828,
    91.11111450195312,
    95.55555725097656,
    93.33333587646484,
    82.22222137451172,
    91.11111450195312,
    97.77777862548828,
    100.0,
    97.77777862548828,
    100.0,
    100.0,
    97.77777862548828,
    100.0,
    100.0,
    100.0,
    100.0,
    97.77777862548828,
    100.0,
    100.0,
    100.0,
    100.0,
    100.0,
    100.0,
    100.0,
    100.0,
    100.0,
    100.0,
    100.0,
    100.0,
    100.0,
    100.0,
    100.0,
    100.0,
    100.0,
    100.0,
    100.0,
    100.0,
    100.0,
    100.0,
    100.0,
    88.8888931274414,
    100.0,
    100.0,
    100.0,
    100.0,
    100.0,
    97.77777862548828
  ],
  "3": [
    5.000000476837158,
    15.000000953674316,
    20.000001907348633,
    20.000001907348633,
    20.000001907348633,
    30.000001907348633,
    31.666669845581055,
    33.333335876464844,
    30.000001907348633,
    33.333335876464844,
    40.000003814697266,
    33.333335876464844,
    38.333335876464844,
    43.333335876464844,
    43.333335876464844,
    43.333335876464844,
    56.66667175292969,
    50.0,
    58.333335876464844,
    53.333335876464844,
    50.0,
    63.33333969116211,
    63.33333969116211,
    78.33333587646484,
    61.66666793823242,
    58.333335876464844,
    68.33334350585938,
    78.33333587646484,
    78.33333587646484,
    81.66667175292969,
    80.00000762939453,
    83.33333587646484,
    88.33333587646484,
    68.33334350585938,
    86.66667175292969,
    83.33333587646484,
    88.33333587646484,
    83.33333587646484,
    86.66667175292969,
    90.0,
    88.33333587646484,
    88.33333587646484,
    80.00000762939453,
    85.0,
    86.66667175292969,
    81.66667175292969,
    88.33333587646484,
    95.00000762939453,
    96.66667175292969,
    90.0,
    95.00000762939453,
    81.66667175292969,
    91.66667175292969,
    98.33334350585938,
    95.00000762939453,
    93.33334350585938,
    98.33334350585938,
    95.00000762939453,
    98.33334350585938,
    100.0,
    100.0,
    95.00000762939453,
    100.0,
    100.0,
    100.0,
    100.0,
    100.0,
    100.0,
    100.0,
    100.0,
    100.0,
    100.0,
    100.0,
    100.0,
    100.0,
    100.0,
    100.0,
    100.0,
    96.66667175292969,
    100.0,
    96.66667175292969,
    98.33334350585938,
    100.0,
    98.33334350585938,
    100.0,
    100.0,
    100.0,
    95.00000762939453,
    100.0,
    98.33334350585938,
    100.0,
    100.0,
    100.0,
    98.33334350585938
  ],