{
  "0": [
    26.666667938232422,
    20.000001907348633,
    20.000001907348633,
    53.333335876464844,
    33.333335876464844,
    46.66667175292969,
    46.66667175292969,
    73.33333587646484,
    53.333335876464844,
    73.33333587646484,
    20.000001907348633,
    53.333335876464844,
    46.66667175292969,
    73.33333587646484,
    66.66667175292969,
    73.33333587646484,
    66.66667175292969,
    60.000003814697266,
    93.33334350585938,
    40.000003814697266,
    73.33333587646484,
    60.000003814697266,
    73.33333587646484,
    66.66667175292969,
    93.33334350585938,
    73.33333587646484,
    73.33333587646484,
    80.00000762939453,
    73.33333587646484,
    86.66667175292969,
    80.00000762939453,
    100.0,
    93.33334350585938
  ],
  "1": [
    23.333335876464844,
    23.333335876464844,
    30.000001907348633,
    60.000003814697266,
    46.66667175292969,
    50.0,
    46.66667175292969,
    73.33333587646484,
    63.33333969116211,
    80.00000762939453,
    36.66666793823242,
    60.000003814697266,
    56.66667175292969,
    66.66667175292969,
    70.00000762939453,
    80.00000762939453,
    73.33333587646484,
    76.66667175292969,
    73.33333587646484,
    63.33333969116211,
    80.00000762939453,
    63.33333969116211,
    63.33333969116211,
    66.66667175292969,
    90.0,
    73.33333587646484,
    90.0,
    86.66667175292969,
    76.66667175292969,
    90.0,
    80.00000762939453,
    96.66667175292969,
    80.00000762939453
  ],
  "2": [
    20.0,
    28.88888931274414,
    40.0,
    66.66667175292969,
    55.55555725097656,
    51.111114501953125,
    62.222225189208984,
    66.66667175292969,
    66.66667175292969,
    77.77777862548828,
    48.88888931274414,
    68.8888931274414,
    60.000003814697266,
    73.33333587646484,
    73.33333587646484,
    93.33333587646484,
    80.0,
    88.8888931274414,
    77.77777862548828,
    71.11111450195312,
    86.66666412353516,
    71.11111450195312,
    77.77777862548828,
    77.77777862548828,
    93.33333587646484,
    77.77777862548828,
    86.66666412353516,
    91.11111450195312,
    84.44444274902344,
    91.11111450195312,
    91.11111450195312,
    93.33333587646484,
    86.66666412353516
  ],
  "3": [
    25.0,
    30.000001907348633,
    43.333335876464844,
    65.0,
    61.66666793823242,
    56.66667175292969,
    73.33333587646484,
    71.66667175292969,
    63.33333969116211,
    83.33333587646484,
    60.000003814697266,
    78.33333587646484,
    65.0,
    75.00000762939453,
    80.00000762939453,
    85.0,
    86.66667175292969,
    93.33334350585938,
    81.66667175292969,
    75.00000762939453,
    88.33333587646484,
    81.66667175292969,
    90.0,
    85.0,
    93.33334350585938,
    85.0,
    95.00000762939453,
    93.33334350585938,
    86.66667175292969,
    91.66667175292969,
    93.33334350585938,
    95.00000762939453,
    88.33333587646484
  ],
  "4": [
    25.333332061767578,
    46.66666793823242,
    50.666664123535156,
    68.0,
    65.33333587646484,
    69.33333587646484,
    74.66666412353516,
    80.0,
    73.33333587646484,
    81.33333587646484,
    72.0,
    89.33333587646484,
    69.33333587646484,
    82.66667175292969,
    85.33333587646484,
    88.0,
    81.33333587646484,
    94.66667175292969,
    88.0,
    82.66667175292969,
    90.66667175292969,
    90.66667175292969,
    94.66667175292969,
    90.66667175292969,
    93.33333587646484,
    92.0,
    92.0,
    89.33333587646484,
    89.33333587646484,
    92.0,
    94.66667175292969,
    93.33333587646484,
    94.66667175292969
  ],
  "5": [
    35.55555725097656,
    54.44444274902344,
    47.77777862548828,
    68.8888931274414,
    66.66667175292969,
    78.8888931274414,
    78.8888931274414,
    87.77777862548828,
    82.22222137451172,
    83.33333587646484,
    74.44445037841797,
    84.44444274902344,
    68.8888931274414,
    82.22222137451172,
    86.66666412353516,
    83.33333587646484,
    85.55555725097656,
    93.33333587646484,
    83.33333587646484,
    84.44444274902344,
    93.33333587646484,
    88.8888931274414,
    94.44445037841797,
    94.44445037841797,
    93.33333587646484,
    88.8888931274414,
    95.55555725097656,
    93.33333587646484,
    88.8888931274414,
    93.33333587646484,
    95.55555725097656,
    95.55555725097656,
    94.44445037841797
  ],
  "6": [
    33.333335876464844,
    53.333335876464844,
    52.38095474243164,
    71.42857360839844,
    72.38095092773438,
    76.19047546386719,
    80.95238494873047,
    82.85714721679688,
    85.71428680419922,
    79.04762268066406,
    77.14286041259766,
    83.80952453613281,
    73.33333587646484,
    84.76190185546875,
    84.76190185546875,
    89.52381134033203,
    91.42858123779297,
    95.23809814453125,
    86.66666412353516,
    89.52381134033203,
    93.33334350585938,
    91.42858123779297,
    93.33334350585938,
    95.23809814453125,
    94.28572082519531,
    91.42858123779297,
    95.23809814453125,
    92.3809585571289,
    88.57142639160156,
    93.33334350585938,
    97.14286041259766,
    96.19048309326172,
    97.14286041259766
  ],
  "7": [
    30.83333396911621,
    48.333335876464844,
    52.500003814697266,
    71.66667175292969,
    75.83333587646484,
    72.5,
    81.66667175292969,
    84.16667175292969,
    83.33333587646484,
    80.83334350585938,
    80.00000762939453,
    81.66667175292969,
    73.33333587646484,
    88.33333587646484,
    83.33333587646484,
    88.33333587646484,
    90.83333587646484,
    95.00000762939453,
    88.33333587646484,
    90.0,
    90.83333587646484,
    90.0,
    91.66667175292969,
    95.00000762939453,
    95.83333587646484,
    90.0,
    93.33334350585938,
    91.66667175292969,
    92.50000762939453,
    94.16667175292969,
    95.83333587646484,
    93.33334350585938,
    96.66667175292969
  ]
}