{
  "0": [
    13.333333969116211,
    53.333335876464844,
    60.000003814697266,
    40.000003814697266,
    40.000003814697266,
    46.66667175292969,
    80.00000762939453,
    80.00000762939453,
    73.33333587646484,
    53.333335876464844,
    80.00000762939453,
    60.000003814697266,
    93.33334350585938,
    80.00000762939453,
    66.66667175292969,
    80.00000762939453,
    80.00000762939453,
    80.00000762939453,
    86.66667175292969,
    100.0,
    80.00000762939453,
    80.00000762939453,
    60.000003814697266,
    66.66667175292969,
    86.66667175292969,
    73.33333587646484,
    100.0,
    80.00000762939453,
    80.00000762939453,
    86.66667175292969,
    80.00000762939453,
    66.66667175292969,
    100.0,
    73.33333587646484,
    93.33334350585938,
    86.66667175292969,
    86.66667175292969
  ],
  "1": [
    13.333333969116211,
    46.66667175292969,
    63.33333969116211,
    43.333335876464844,
    53.333335876464844,
    60.000003814697266,
    83.33333587646484,
    73.33333587646484,
    60.000003814697266,
    70.00000762939453,
    66.66667175292969,
    63.33333969116211,
    80.00000762939453,
    86.66667175292969,
    73.33333587646484,
    66.66667175292969,
    86.66667175292969,
    80.00000762939453,
    86.66667175292969,
    90.0,
    70.00000762939453,
    83.33333587646484,
    73.33333587646484,
    83.33333587646484,
    76.66667175292969,
    73.33333587646484,
    86.66667175292969,
    80.00000762939453,
    76.66667175292969,
    83.33333587646484,
    93.33334350585938,
    73.33333587646484,
    86.66667175292969,
    83.33333587646484,
    76.66667175292969,
    86.66667175292969,
    93.33334350585938
  ],
  "2": [
    11.111111640930176,
    51.111114501953125,
    64.44444274902344,
    60.000003814697266,
    53.333335876464844,
    57.77777862548828,
    80.0,
    73.33333587646484,
    73.33333587646484,
    77.77777862548828,
    71.11111450195312,
    66.66667175292969,
    82.22222137451172,
    88.8888931274414,
    82.22222137451172,
    71.11111450195312,
    82.22222137451172,
    82.22222137451172,
    88.8888931274414,
    88.8888931274414,
    77.77777862548828,
    84.44444274902344,
    82.22222137451172,
    88.8888931274414,
    86.66666412353516,
    80.0,
    91.11111450195312,
    86.66666412353516,
    82.22222137451172,
    84.44444274902344,
    91.11111450195312,
    80.0,
    84.44444274902344,
    80.0,
    86.66666412353516,
    84.44444274902344,
    93.33333587646484
  ],
  "3": [
    23.333335876464844,
    51.66667175292969,
    66.66667175292969,
    68.33334350585938,
    63.33333969116211,
    73.33333587646484,
    76.66667175292969,
    71.66667175292969,
    78.33333587646484,
    83.33333587646484,
    75.00000762939453,
    76.66667175292969,
    90.0,
    83.33333587646484,
    85.0,
    75.00000762939453,
    86.66667175292969,
    78.33333587646484,
    86.66667175292969,
    86.66667175292969,
    85.0,
    85.0,
    81.66667175292969,
    88.33333587646484,
    93.33334350585938,
    81.66667175292969,
    90.0,
    88.33333587646484,
    90.0,
    86.66667175292969,
    91.66667175292969,
    83.33333587646484,
    83.33333587646484,
    90.0,
    91.66667175292969,
    85.0,
    95.00000762939453
  ],
  "4": [
    26.666667938232422,
    52.000003814697266,
    65.33333587646484,
    64.0,
    66.66667175292969,
    70.66667175292969,
    76.0,
    76.0,
    74.66666412353516,
    85.33333587646484,
    76.0,
    80.0,
    85.33333587646484,
    86.66666412353516,
    88.0,
    80.0,
    86.66666412353516,
    81.33333587646484,
    88.0,
    85.33333587646484,
    86.66666412353516,
    90.66667175292969,
    85.33333587646484,
    92.0,
    92.0,
    85.33333587646484,
    86.66666412353516,
    89.33333587646484,
    90.66667175292969,
    89.33333587646484,
    96.0,
    90.66667175292969,
    89.33333587646484,
    94.66667175292969,
    94.66667175292969,
    86.66666412353516,
    96.0
  ],
  "5": [
    26.666667938232422,
    52.22222137451172,
    66.66667175292969,
    63.33333206176758,
    63.33333206176758,
    72.22222900390625,
    77.77777862548828,
    72.22222900390625,
    73.33333587646484,
    77.77777862548828,
    80.0,
    78.8888931274414,
    87.77777862548828,
    87.77777862548828,
    88.8888931274414,
    87.77777862548828,
    86.66666412353516,
    81.11111450195312,
    95.55555725097656,
    88.8888931274414,
    83.33333587646484,
    94.44445037841797,
    90.0,
    93.33333587646484,
    94.44445037841797,
    85.55555725097656,
    87.77777862548828,
    94.44445037841797,
    92.22222900390625,
    88.8888931274414,
    94.44445037841797,
    92.22222900390625,
    92.22222900390625,
    95.55555725097656,
    97.77777862548828,
    90.0,
    95.55555725097656
  ],
  "6": [
    28.571430206298828,
    53.333335876464844,
    64.76190948486328,
    64.76190948486328,
    66.66667175292969,
    77.14286041259766,
    78.0952377319336,
    70.47618865966797,
    71.42857360839844,
    80.95238494873047,
    80.95238494873047,
    80.95238494873047,
    91.42858123779297,
    86.66666412353516,
    89.52381134033203,
    88.57142639160156,
    87.61904907226562,
    85.71428680419922,
    96.19048309326172,
    88.57142639160156,
    82.85714721679688,
    95.23809814453125,
    91.42858123779297,
    96.19048309326172,
    95.23809814453125,
    86.66666412353516,
    92.3809585571289,
    91.42858123779297,
    95.23809814453125,
    89.52381134033203,
    94.28572082519531,
    92.3809585571289,
    92.3809585571289,
    94.28572082519531,
    96.19048309326172,
    91.42858123779297,
    96.19048309326172
  ],
  "7": [
    29.166667938232422,
    50.0,
    62.50000762939453,
    68.33334350585938,
    66.66667175292969,
    75.00000762939453,
    84.16667175292969,
    73.33333587646484,
    73.33333587646484,
    78.33333587646484,
    83.33333587646484,
    85.0,
    90.83333587646484,
    89.16667175292969,
    87.50000762939453,
    88.33333587646484,
    89.16667175292969,
    85.0,
    95.00000762939453,
    88.33333587646484,
    79.16667175292969,
    93.33334350585938,
    93.33334350585938,
    95.00000762939453,
    95.00000762939453,
    90.83333587646484,
    91.66667175292969,
    90.83333587646484,
    96.66667175292969,
    93.33334350585938,
    92.50000762939453,
    93.33334350585938,
    90.83333587646484,
    96.66667175292969,
    95.83333587646484,
    92.50000762939453,
    98.33334350585938
  ]
}