{
  "0": [
    20.000001907348633,
    33.333335876464844,
    40.000003814697266,
    40.000003814697266,
    40.000003814697266,
    66.66667175292969,
    26.666667938232422,
    53.333335876464844,
    53.333335876464844,
    73.33333587646484,
    66.66667175292969,
    26.666667938232422,
    26.666667938232422,
    73.33333587646484,
    53.333335876464844,
    66.66667175292969,
    66.66667175292969,
    40.000003814697266,
    86.66667175292969,
    73.33333587646484,
    86.66667175292969,
    73.33333587646484,
    60.000003814697266,
    73.33333587646484,
    86.66667175292969,
    80.00000762939453,
    80.00000762939453,
    80.00000762939453,
    80.00000762939453
  ],
  "1": [
    26.666667938232422,
    40.000003814697266,
    50.0,
    53.333335876464844,
    73.33333587646484,
    86.66667175292969,
    63.33333969116211,
    80.00000762939453,
    70.00000762939453,
    76.66667175292969,
    86.66667175292969,
    46.66667175292969,
    50.0,
    73.33333587646484,
    60.000003814697266,
    86.66667175292969,
    73.33333587646484,
    56.66667175292969,
    76.66667175292969,
    80.00000762939453,
    96.66667175292969,
    70.00000762939453,
    83.33333587646484,
    93.33334350585938,
    93.33334350585938,
    90.0,
    93.33334350585938,
    90.0,
    93.33334350585938
  ],
  "2": [
    20.0,
    44.4444465637207,
    53.333335876464844,
    55.55555725097656,
    73.33333587646484,
    73.33333587646484,
    64.44444274902344,
    80.0,
    68.8888931274414,
    73.33333587646484,
    80.0,
    57.77777862548828,
    60.000003814697266,
    75.55555725097656,
    68.8888931274414,
    84.44444274902344,
    66.66667175292969,
    71.11111450195312,
    71.11111450195312,
    77.77777862548828,
    86.66666412353516,
    77.77777862548828,
    86.66666412353516,
    82.22222137451172,
    91.11111450195312,
    95.55555725097656,
    88.8888931274414,
    100.0,
    93.33333587646484
  ],
  "3": [
    23.333335876464844,
    48.333335876464844,
    60.000003814697266,
    65.0,
    66.66667175292969,
    66.66667175292969,
    60.000003814697266,
    70.00000762939453,
    63.33333969116211,
    76.66667175292969,
    78.33333587646484,
    65.0,
    68.33334350585938,
    81.66667175292969,
    75.00000762939453,
    85.0,
    75.00000762939453,
    76.66667175292969,
    80.00000762939453,
    83.33333587646484,
    91.66667175292969,
    80.00000762939453,
    85.0,
    78.33333587646484,
    86.66667175292969,
    91.66667175292969,
    91.66667175292969,
    98.33334350585938,
    93.33334350585938
  ],
  "4": [
    25.333332061767578,
    46.66666793823242,
    57.33333206176758,
    68.0,
    69.33333587646484,
    70.66667175292969,
    65.33333587646484,
    72.0,
    66.66667175292969,
    73.33333587646484,
    82.66667175292969,
    72.0,
    76.0,
    80.0,
    80.0,
    84.0,
    81.33333587646484,
    82.66667175292969,
    88.0,
    89.33333587646484,
    92.0,
    89.33333587646484,
    84.0,
    77.33333587646484,
    86.66666412353516,
    86.66666412353516,
    92.0,
    97.33333587646484,
    94.66667175292969
  ],
  "5": [
    30.000001907348633,
    48.88888931274414,
    60.000003814697266,
    57.77777862548828,
    66.66667175292969,
    72.22222900390625,
    74.44445037841797,
    75.55555725097656,
    67.77777862548828,
    72.22222900390625,
    85.55555725097656,
    72.22222900390625,
    82.22222137451172,
    87.77777862548828,
    80.0,
    92.22222900390625,
    82.22222137451172,
    83.33333587646484,
    93.33333587646484,
    86.66666412353516,
    93.33333587646484,
    88.8888931274414,
    85.55555725097656,
    84.44444274902344,
    87.77777862548828,
    90.0,
    92.22222900390625,
    97.77777862548828,
    95.55555725097656
  ],
  "6": [
    28.571430206298828,
    53.333335876464844,
    60.000003814697266,
    57.142860412597656,
    70.47618865966797,
    75.23809814453125,
    72.38095092773438,
    76.19047546386719,
    73.33333587646484,
    77.14286041259766,
    84.76190185546875,
    76.19047546386719,
    82.85714721679688,
    89.52381134033203,
    80.0,
    96.19048309326172,
    83.80952453613281,
    86.66666412353516,
    92.3809585571289,
    88.57142639160156,
    95.23809814453125,
    89.52381134033203,
    86.66666412353516,
    88.57142639160156,
    90.47618865966797,
    92.3809585571289,
    94.28572082519531,
    96.19048309326172,
    94.28572082519531
  ],
  "7": [
    30.83333396911621,
    50.0,
    55.83333206176758,
    57.500003814697266,
    70.00000762939453,
    74.16667175292969,
    72.5,
    76.66667175292969,
    77.5,
    84.16667175292969,
    84.16667175292969,
    81.66667175292969,
    85.83333587646484,
    90.83333587646484,
    83.33333587646484,
    96.66667175292969,
    86.66667175292969,
    87.50000762939453,
    91.66667175292969,
    89.16667175292969,
    96.66667175292969,
    90.0,
    87.50000762939453,
    88.33333587646484,
    89.16667175292969,
    94.16667175292969,
    95.00000762939453,
    95.83333587646484,
    95.00000762939453
  ]
}