{
  "0": [
    0.0,
    20.000001907348633,
    33.333335876464844,
    40.000003814697266,
    26.666667938232422,
    33.333335876464844,
    26.666667938232422,
    46.66667175292969,
    40.000003814697266,
    46.66667175292969,
    66.66667175292969,
    53.333335876464844,
    86.66667175292969,
    46.66667175292969,
    66.66667175292969,
    66.66667175292969,
    46.66667175292969,
    33.333335876464844,
    40.000003814697266,
    60.000003814697266,
    80.00000762939453,
    53.333335876464844,
    66.66667175292969,
    73.33333587646484,
    86.66667175292969,
    80.00000762939453,
    80.00000762939453,
    66.66667175292969,
    73.33333587646484,
    73.33333587646484,
    80.00000762939453,
    60.000003814697266,
    80.00000762939453,
    53.333335876464844,
    73.33333587646484,
    93.33334350585938,
    60.000003814697266,
    86.66667175292969,
    80.00000762939453,
    80.00000762939453,
    66.66667175292969
  ],
  "1": [
    33.333335876464844,
    23.333335876464844,
    40.000003814697266,
    60.000003814697266,
    46.66667175292969,
    40.000003814697266,
    33.333335876464844,
    43.333335876464844,
    63.33333969116211,
    53.333335876464844,
    66.66667175292969,
    63.33333969116211,
    80.00000762939453,
    70.00000762939453,
    60.000003814697266,
    66.66667175292969,
    70.00000762939453,
    50.0,
    60.000003814697266,
    63.33333969116211,
    70.00000762939453,
    73.33333587646484,
    70.00000762939453,
    73.33333587646484,
    80.00000762939453,
    86.66667175292969,
    83.33333587646484,
    76.66667175292969,
    76.66667175292969,
    80.00000762939453,
    66.66667175292969,
    80.00000762939453,
    83.33333587646484,
    73.33333587646484,
    93.33334350585938,
    96.66667175292969,
    70.00000762939453,
    83.33333587646484,
    76.66667175292969,
    83.33333587646484,
    83.33333587646484
  ],
  "2": [
    28.88888931274414,
    28.88888931274414,
    40.0,
    55.55555725097656,
    60.000003814697266,
    57.77777862548828,
    62.222225189208984,
    55.55555725097656,
    62.222225189208984,
    64.44444274902344,
    66.66667175292969,
    75.55555725097656,
    86.66666412353516,
    75.55555725097656,
    68.8888931274414,
    73.33333587646484,
    80.0,
    62.222225189208984,
    64.44444274902344,
    73.33333587646484,
    73.33333587646484,
    82.22222137451172,
    68.8888931274414,
    77.77777862548828,
    95.55555725097656,
    86.66666412353516,
    80.0,
    73.33333587646484,
    75.55555725097656,
    84.44444274902344,
    82.22222137451172,
    82.22222137451172,
    86.66666412353516,
    88.8888931274414,
    93.33333587646484,
    88.8888931274414,
    75.55555725097656,
    71.11111450195312,
    80.0,
    86.66666412353516,
    88.8888931274414
  ],
  "3": [
    23.333335876464844,
    33.333335876464844,
    50.0,
    53.333335876464844,
    58.333335876464844,
    55.0,
    58.333335876464844,
    46.66667175292969,
    63.33333969116211,
    66.66667175292969,
    68.33334350585938,
    71.66667175292969,
    76.66667175292969,
    78.33333587646484,
    73.33333587646484,
    76.66667175292969,
    81.66667175292969,
    76.66667175292969,
    65.0,
    70.00000762939453,
    71.66667175292969,
    88.33333587646484,
    73.33333587646484,
    85.0,
    90.0,
    86.66667175292969,
    83.33333587646484,
    76.66667175292969,
    85.0,
    86.66667175292969,
    76.66667175292969,
    78.33333587646484,
    86.66667175292969,
    91.66667175292969,
    91.66667175292969,
    88.33333587646484,
    81.66667175292969,
    76.66667175292969,
    81.66667175292969,
    85.0,
    86.66667175292969
  ],
  "4": [
    28.0,
    45.333335876464844,
    52.000003814697266,
    60.000003814697266,
    62.66666793823242,
    54.66666793823242,
    65.33333587646484,
    60.000003814697266,
    65.33333587646484,
    70.66667175292969,
    70.66667175292969,
    73.33333587646484,
    80.0,
    82.66667175292969,
    70.66667175292969,
    74.66666412353516,
    85.33333587646484,
    81.33333587646484,
    72.0,
    77.33333587646484,
    77.33333587646484,
    90.66667175292969,
    80.0,
    86.66666412353516,
    90.66667175292969,
    90.66667175292969,
    88.0,
    74.66666412353516,
    84.0,
    86.66666412353516,
    81.33333587646484,
    76.0,
    89.33333587646484,
    89.33333587646484,
    92.0,
    85.33333587646484,
    80.0,
    84.0,
    86.66666412353516,
    84.0,
    94.66667175292969
  ],
  "5": [
    27.77777862548828,
    41.11111068725586,
    47.77777862548828,
    57.77777862548828,
    61.11111068725586,
    50.0,
    57.77777862548828,
    60.000003814697266,
    70.0,
    70.0,
    81.11111450195312,
    74.44445037841797,
    82.22222137451172,
    81.11111450195312,
    75.55555725097656,
    76.66667175292969,
    85.55555725097656,
    83.33333587646484,
    78.8888931274414,
    78.8888931274414,
    80.0,
    92.22222900390625,
    82.22222137451172,
    88.8888931274414,
    86.66666412353516,
    90.0,
    87.77777862548828,
    80.0,
    86.66666412353516,
    87.77777862548828,
    84.44444274902344,
    83.33333587646484,
    90.0,
    87.77777862548828,
    90.0,
    86.66666412353516,
    77.77777862548828,
    84.44444274902344,
    88.8888931274414,
    85.55555725097656,
    95.55555725097656
  ],
  "6": [
    28.571430206298828,
    36.19047546386719,
    46.66667175292969,
    54.28571701049805,
    70.47618865966797,
    59.04762268066406,
    59.04762268066406,
    64.76190948486328,
    76.19047546386719,
    75.23809814453125,
    80.95238494873047,
    74.28571319580078,
    82.85714721679688,
    83.80952453613281,
    78.0952377319336,
    78.0952377319336,
    87.61904907226562,
    82.85714721679688,
    84.76190185546875,
    81.9047622680664,
    84.76190185546875,
    90.47618865966797,
    84.76190185546875,
    92.3809585571289,
    92.3809585571289,
    92.3809585571289,
    88.57142639160156,
    86.66666412353516,
    87.61904907226562,
    91.42858123779297,
    89.52381134033203,
    85.71428680419922,
    90.47618865966797,
    87.61904907226562,
    93.33334350585938,
    90.47618865966797,
    81.9047622680664,
    84.76190185546875,
    89.52381134033203,
    91.42858123779297,
    95.23809814453125
  ],
  "7": [
    28.333335876464844,
    39.16666793823242,
    45.833335876464844,
    54.16666793823242,
    73.33333587646484,
    66.66667175292969,
    62.50000762939453,
    68.33334350585938,
    80.83334350585938,
    71.66667175292969,
    80.00000762939453,
    77.5,
    80.83334350585938,
    82.50000762939453,
    79.16667175292969,
    77.5,
    84.16667175292969,
    80.83334350585938,
    81.66667175292969,
    83.33333587646484,
    86.66667175292969,
    91.66667175292969,
    89.16667175292969,
    89.16667175292969,
    92.50000762939453,
    93.33334350585938,
    88.33333587646484,
    87.50000762939453,
    89.16667175292969,
    92.50000762939453,
    90.0,
    88.33333587646484,
    90.83333587646484,
    85.83333587646484,
    93.33334350585938,
    93.33334350585938,
    81.66667175292969,
    85.0,
    91.66667175292969,
    93.33334350585938,
    95.83333587646484
  ]
}