{
  "0": [
    26.666667938232422,
    20.0,
    53.333335876464844,
    26.666667938232422,
    53.333335876464844,
    40.0,
    40.0,
    86.66666412353516,
    60.000003814697266,
    60.000003814697266,
    86.66666412353516,
    66.66667175292969,
    60.000003814697266,
    80.0,
    73.33333587646484,
    73.33333587646484,
    86.66666412353516,
    80.0,
    93.33333587646484,
    93.33333587646484,
    86.66666412353516,
    66.66667175292969,
    80.0,
    80.0,
    66.66667175292969
  ],
  "1": [
    30.000001907348633,
    36.66666793823242,
    33.333335876464844,
    50.0,
    46.66666793823242,
    53.333335876464844,
    26.666667938232422,
    76.66666412353516,
    76.66666412353516,
    50.0,
    76.66666412353516,
    60.000003814697266,
    60.000003814697266,
    70.0,
    73.33333587646484,
    70.0,
    90.0,
    73.33333587646484,
    66.66667175292969,
    83.33332824707031,
    86.66666412353516,
    93.33333587646484,
    70.0,
    83.33332824707031,
    83.33332824707031
  ],
  "2": [
    33.333335876464844,
    37.77777862548828,
    37.77777862548828,
    44.4444465637207,
    48.88888931274414,
    40.0,
    31.111112594604492,
    86.66666412353516,
    77.77777862548828,
    51.111114501953125,
    66.66667175292969,
    68.8888931274414,
    73.33333587646484,
    84.44444274902344,
    82.22222137451172,
    84.44444274902344,
    86.66666412353516,
    88.8888931274414,
    77.77777862548828,
    86.66666412353516,
    93.33333587646484,
    88.8888931274414,
    84.44444274902344,
    86.66666412353516,
    88.8888931274414
  ],
  "3": [
    33.333335876464844,
    35.0,
    45.0,
    46.66666793823242,
    53.333335876464844,
    45.0,
    43.33333206176758,
    91.66667175292969,
    78.33333587646484,
    58.33333206176758,
    71.66666412353516,
    81.66666412353516,
    86.66666412353516,
    88.33333587646484,
    83.33332824707031,
    88.33333587646484,
    88.33333587646484,
    91.66667175292969,
    85.0,
    88.33333587646484,
    90.0,
    91.66667175292969,
    88.33333587646484,
    93.33333587646484,
    91.66667175292969
  ],
  "4": [
    33.333335876464844,
    44.0,
    46.66666793823242,
    53.333335876464844,
    60.000003814697266,
    54.66666793823242,
    48.0,
    85.33333587646484,
    82.66666412353516,
    62.66666793823242,
    72.0,
    86.66666412353516,
    88.0,
    93.33333587646484,
    85.33333587646484,
    92.0,
    89.33332824707031,
    94.66666412353516,
    88.0,
    90.66667175292969,
    97.33333587646484,
    96.0,
    88.0,
    96.0,
    93.33333587646484
  ],
  "5": [
    33.333335876464844,
    43.33333206176758,
    46.66666793823242,
    57.77777862548828,
    68.8888931274414,
    56.66666793823242,
    48.88888931274414,
    86.66666412353516,
    83.33332824707031,
    67.77777862548828,
    75.55555725097656,
    85.55555725097656,
    87.77777862548828,
    96.66666412353516,
    87.77777862548828,
    94.44444274902344,
    88.8888931274414,
    96.66666412353516,
    85.55555725097656,
    88.8888931274414,
    95.55555725097656,
    96.66666412353516,
    90.0,
    97.77777862548828,
    95.55555725097656
  ],
  "6": [
    35.238094329833984,
    42.85714340209961,
    46.66666793823242,
    59.04762268066406,
    61.904762268066406,
    59.04762268066406,
    56.19047927856445,
    88.57142639160156,
    80.95238494873047,
    74.28571319580078,
    72.38095092773438,
    84.76190185546875,
    84.76190185546875,
    92.38095092773438,
    88.57142639160156,
    91.42857360839844,
    89.52381134033203,
    93.33333587646484,
    84.76190185546875,
    87.61904907226562,
    92.38095092773438,
    98.0952377319336,
    92.38095092773438,
    98.0952377319336,
    95.23809814453125
  ],
  "7": [
    33.333335876464844,
    42.5,
    47.5,
    58.33333206176758,
    60.833335876464844,
    60.000003814697266,
    60.833335876464844,
    85.0,
    77.5,
    69.16666412353516,
    70.83332824707031,
    86.66666412353516,
    80.83333587646484,
    89.16666412353516,
    87.5,
    88.33333587646484,
    88.33333587646484,
    89.16666412353516,
    84.16666412353516,
    90.83333587646484,
    88.33333587646484,
    96.66666412353516,
    94.16666412353516,
    95.83332824707031,
    92.5
  ]
}