{
  "0": [
    33.333335876464844,
    40.0,
    66.66667175292969,
    66.66667175292969,
    53.333335876464844,
    46.66666793823242,
    46.66666793823242,
    40.0,
    80.0,
    66.66667175292969,
    60.000003814697266,
    93.33333587646484,
    66.66667175292969,
    80.0,
    73.33333587646484,
    100.0,
    100.0,
    86.66666412353516,
    60.000003814697266,
    86.66666412353516,
    60.000003814697266,
    100.0,
    60.000003814697266,
    73.33333587646484,
    93.33333587646484,
    93.33333587646484,
    100.0,
    86.66666412353516,
    93.33333587646484,
    86.66666412353516,
    73.33333587646484
  ],
  "1": [
    46.66666793823242,
    50.0,
    56.66666793823242,
    63.33333206176758,
    50.0,
    63.33333206176758,
    83.33332824707031,
    63.33333206176758,
    70.0,
    73.33333587646484,
    80.0,
    93.33333587646484,
    76.66666412353516,
    86.66666412353516,
    83.33332824707031,
    96.66666412353516,
    96.66666412353516,
    80.0,
    73.33333587646484,
    90.0,
    86.66666412353516,
    96.66666412353516,
    83.33332824707031,
    83.33332824707031,
    86.66666412353516,
    83.33332824707031,
    96.66666412353516,
    86.66666412353516,
    96.66666412353516,
    80.0,
    86.66666412353516
  ],
  "2": [
    37.77777862548828,
    44.4444465637207,
    53.333335876464844,
    62.222225189208984,
    55.55555725097656,
    71.11111450195312,
    82.22222137451172,
    68.8888931274414,
    77.77777862548828,
    80.0,
    91.11111450195312,
    91.11111450195312,
    84.44444274902344,
    88.8888931274414,
    84.44444274902344,
    88.8888931274414,
    91.11111450195312,
    84.44444274902344,
    84.44444274902344,
    86.66666412353516,
    84.44444274902344,
    100.0,
    93.33333587646484,
    91.11111450195312,
    91.11111450195312,
    93.33333587646484,
    88.8888931274414,
    93.33333587646484,
    86.66666412353516,
    80.0,
    88.8888931274414
  ],
  "3": [
    41.666664123535156,
    38.33333206176758,
    46.66666793823242,
    61.66666793823242,
    61.66666793823242,
    71.66666412353516,
    76.66666412353516,
    68.33333587646484,
    78.33333587646484,
    83.33332824707031,
    88.33333587646484,
    88.33333587646484,
    86.66666412353516,
    95.0,
    86.66666412353516,
    90.0,
    100.0,
    91.66667175292969,
    80.0,
    93.33333587646484,
    93.33333587646484,
    100.0,
    98.33333587646484,
    91.66667175292969,
    93.33333587646484,
    91.66667175292969,
    95.0,
    96.66666412353516,
    86.66666412353516,
    88.33333587646484,
    93.33333587646484
  ],
  "4": [
    44.0,
    40.0,
    50.666664123535156,
    57.33333206176758,
    62.66666793823242,
    69.33333587646484,
    72.0,
    69.33333587646484,
    82.66666412353516,
    82.66666412353516,
    88.0,
    94.66666412353516,
    89.33332824707031,
    96.0,
    90.66667175292969,
    92.0,
    100.0,
    86.66666412353516,
    84.0,
    94.66666412353516,
    96.0,
    100.0,
    96.0,
    94.66666412353516,
    93.33333587646484,
    92.0,
    92.0,
    97.33333587646484,
    93.33333587646484,
    89.33332824707031,
    94.66666412353516
  ],
  "5": [
    43.33333206176758,
    37.77777862548828,
    48.88888931274414,
    58.88888931274414,
    64.44444274902344,
    71.11111450195312,
    75.55555725097656,
    68.8888931274414,
    73.33333587646484,
    83.33332824707031,
    83.33332824707031,
    95.55555725097656,
    96.66666412353516,
    93.33333587646484,
    86.66666412353516,
    90.0,
    90.0,
    82.22222137451172,
    81.1111068725586,
    92.22222137451172,
    94.44444274902344,
    100.0,
    95.55555725097656,
    94.44444274902344,
    93.33333587646484,
    85.55555725097656,
    92.22222137451172,
    92.22222137451172,
    92.22222137451172,
    92.22222137451172,
    93.33333587646484
  ],
  "6": [
    43.80952453613281,
    39.0476188659668,
    45.71428680419922,
    61.904762268066406,
    62.85714340209961,
    72.38095092773438,
    73.33333587646484,
    71.42857360839844,
    72.38095092773438,
    82.85714721679688,
    85.71428680419922,
    93.33333587646484,
    88.57142639160156,
    90.47618865966797,
    83.80952453613281,
    87.61904907226562,
    87.61904907226562,
    81.9047622680664,
    84.76190185546875,
    92.38095092773438,
    87.61904907226562,
    95.23809814453125,
    92.38095092773438,
    96.19047546386719,
    91.42857360839844,
    88.57142639160156,
    95.23809814453125,
    94.28571319580078,
    96.19047546386719,
    90.47618865966797,
    95.23809814453125
  ],
  "7": [
    45.833335876464844,
    40.83333206176758,
    45.833335876464844,
    65.0,
    67.5,
    75.83333587646484,
    75.0,
    80.0,
    75.0,
    88.33333587646484,
    87.5,
    94.16666412353516,
    89.16666412353516,
    89.16666412353516,
    84.16666412353516,
    91.66667175292969,
    89.16666412353516,
    83.33332824707031,
    87.5,
    92.5,
    90.0,
    95.83332824707031,
    90.83333587646484,
    97.5,
    93.33333587646484,
    90.83333587646484,
    95.0,
    95.0,
    96.66666412353516,
    93.33333587646484,
    95.83332824707031
  ]
}