{
  "0": [
    40.0,
    66.66667175292969,
    46.66666793823242,
    53.333335876464844,
    40.0,
    80.0,
    80.0,
    80.0,
    80.0,
    66.66667175292969,
    53.333335876464844,
    66.66667175292969,
    86.66666412353516,
    100.0,
    86.66666412353516,
    73.33333587646484,
    73.33333587646484,
    66.66667175292969,
    80.0,
    86.66666412353516,
    80.0,
    86.66666412353516,
    60.000003814697266,
    60.000003814697266,
    80.0,
    73.33333587646484,
    93.33333587646484
  ],
  "1": [
    33.333335876464844,
    56.66666793823242,
    43.33333206176758,
    46.66666793823242,
    43.33333206176758,
    66.66667175292969,
    66.66667175292969,
    73.33333587646484,
    70.0,
    70.0,
    63.33333206176758,
    56.66666793823242,
    80.0,
    80.0,
    86.66666412353516,
    70.0,
    76.66666412353516,
    73.33333587646484,
    80.0,
    93.33333587646484,
    96.66666412353516,
    80.0,
    80.0,
    73.33333587646484,
    90.0,
    86.66666412353516,
    76.66666412353516
  ],
  "2": [
    40.0,
    48.88888931274414,
    55.55555725097656,
    55.55555725097656,
    53.333335876464844,
    62.222225189208984,
    64.44444274902344,
    68.8888931274414,
    64.44444274902344,
    68.8888931274414,
    73.33333587646484,
    62.222225189208984,
    71.11111450195312,
    75.55555725097656,
    86.66666412353516,
    84.44444274902344,
    84.44444274902344,
    82.22222137451172,
    84.44444274902344,
    95.55555725097656,
    95.55555725097656,
    82.22222137451172,
    91.11111450195312,
    88.8888931274414,
    95.55555725097656,
    97.77777862548828,
    88.8888931274414
  ],
  "3": [
    40.0,
    53.333335876464844,
    55.0,
    56.66666793823242,
    61.66666793823242,
    71.66666412353516,
    61.66666793823242,
    68.33333587646484,
    73.33333587646484,
    70.0,
    80.0,
    75.0,
    76.66666412353516,
    81.66666412353516,
    86.66666412353516,
    88.33333587646484,
    88.33333587646484,
    86.66666412353516,
    90.0,
    96.66666412353516,
    95.0,
    88.33333587646484,
    91.66667175292969,
    86.66666412353516,
    95.0,
    93.33333587646484,
    95.0
  ],
  "4": [
    38.666664123535156,
    52.0,
    52.0,
    53.333335876464844,
    56.0,
    66.66667175292969,
    64.0,
    65.33332824707031,
    76.0,
    73.33333587646484,
    80.0,
    74.66666412353516,
    72.0,
    81.33333587646484,
    88.0,
    88.0,
    85.33333587646484,
    88.0,
    86.66666412353516,
    97.33333587646484,
    94.66666412353516,
    92.0,
    94.66666412353516,
    88.0,
    98.66667175292969,
    97.33333587646484,
    92.0
  ],
  "5": [
    35.55555725097656,
    53.333335876464844,
    52.22222137451172,
    54.44444274902344,
    57.77777862548828,
    65.55555725097656,
    65.55555725097656,
    65.55555725097656,
    76.66666412353516,
    77.77777862548828,
    82.22222137451172,
    75.55555725097656,
    76.66666412353516,
    86.66666412353516,
    87.77777862548828,
    87.77777862548828,
    87.77777862548828,
    90.0,
    90.0,
    98.88888549804688,
    93.33333587646484,
    91.11111450195312,
    96.66666412353516,
    88.8888931274414,
    95.55555725097656,
    100.0,
    94.44444274902344
  ],
  "6": [
    32.38095474243164,
    48.57143020629883,
    57.142860412597656,
    55.23809814453125,
    56.19047927856445,
    64.76190948486328,
    68.5714340209961,
    68.5714340209961,
    78.0952377319336,
    80.0,
    84.76190185546875,
    79.04762268066406,
    81.9047622680664,
    85.71428680419922,
    88.57142639160156,
    89.52381134033203,
    92.38095092773438,
    87.61904907226562,
    89.52381134033203,
    99.04762268066406,
    94.28571319580078,
    93.33333587646484,
    98.0952377319336,
    91.42857360839844,
    97.14286041259766,
    99.04762268066406,
    93.33333587646484
  ],
  "7": [
    34.16666793823242,
    46.66666793823242,
    55.0,
    53.333335876464844,
    56.66666793823242,
    65.83333587646484,
    72.5,
    69.16666412353516,
    79.16667175292969,
    82.5,
    85.0,
    80.83333587646484,
    83.33332824707031,
    83.33332824707031,
    88.33333587646484,
    88.33333587646484,
    92.5,
    87.5,
    89.16666412353516,
    98.33333587646484,
    95.0,
    93.33333587646484,
    98.33333587646484,
    93.33333587646484,
    98.33333587646484,
    99.16666412353516,
    94.16666412353516
  ]
}