{
  "0": [
    20.000001907348633,
    46.66667175292969,
    60.000003814697266,
    46.66667175292969,
    53.333335876464844,
    60.000003814697266,
    53.333335876464844,
    73.33333587646484,
    53.333335876464844,
    60.000003814697266,
    66.66667175292969,
    80.00000762939453,
    73.33333587646484,
    100.0,
    100.0,
    80.00000762939453,
    73.33333587646484,
    80.00000762939453,
    60.000003814697266,
    100.0,
    93.33334350585938,
    86.66667175292969,
    93.33334350585938
  ],
  "1": [
    26.666667938232422,
    60.000003814697266,
    53.333335876464844,
    56.66667175292969,
    50.0,
    70.00000762939453,
    76.66667175292969,
    70.00000762939453,
    50.0,
    76.66667175292969,
    83.33333587646484,
    90.0,
    83.33333587646484,
    93.33334350585938,
    100.0,
    93.33334350585938,
    86.66667175292969,
    83.33333587646484,
    76.66667175292969,
    86.66667175292969,
    90.0,
    83.33333587646484,
    86.66667175292969
  ],
  "2": [
    22.22222328186035,
    62.222225189208984,
    51.111114501953125,
    60.000003814697266,
    60.000003814697266,
    55.55555725097656,
    68.8888931274414,
    73.33333587646484,
    55.55555725097656,
    64.44444274902344,
    75.55555725097656,
    77.77777862548828,
    88.8888931274414,
    86.66666412353516,
    86.66666412353516,
    88.8888931274414,
    88.8888931274414,
    86.66666412353516,
    80.0,
    86.66666412353516,
    88.8888931274414,
    88.8888931274414,
    88.8888931274414
  ],
  "3": [
    28.333335876464844,
    61.66666793823242,
    58.333335876464844,
    48.333335876464844,
    65.0,
    65.0,
    68.33334350585938,
    71.66667175292969,
    58.333335876464844,
    73.33333587646484,
    80.00000762939453,
    76.66667175292969,
    91.66667175292969,
    86.66667175292969,
    86.66667175292969,
    91.66667175292969,
    91.66667175292969,
    85.0,
    88.33333587646484,
    88.33333587646484,
    96.66667175292969,
    90.0,
    91.66667175292969
  ],
  "4": [
    28.0,
    61.333335876464844,
    56.0,
    54.66666793823242,
    66.66667175292969,
    66.66667175292969,
    68.0,
    66.66667175292969,
    69.33333587646484,
    74.66666412353516,
    80.0,
    78.66667175292969,
    86.66666412353516,
    81.33333587646484,
    93.33333587646484,
    89.33333587646484,
    90.66667175292969,
    82.66667175292969,
    85.33333587646484,
    92.0,
    94.66667175292969,
    93.33333587646484,
    96.0
  ],
  "5": [
    28.88888931274414,
    60.000003814697266,
    54.44444274902344,
    55.55555725097656,
    67.77777862548828,
    72.22222900390625,
    64.44444274902344,
    68.8888931274414,
    70.0,
    74.44445037841797,
    81.11111450195312,
    76.66667175292969,
    86.66666412353516,
    84.44444274902344,
    94.44445037841797,
    91.11111450195312,
    92.22222900390625,
    75.55555725097656,
    88.8888931274414,
    91.11111450195312,
    94.44445037841797,
    94.44445037841797,
    95.55555725097656
  ],
  "6": [
    28.571430206298828,
    55.23809814453125,
    55.23809814453125,
    55.23809814453125,
    63.80952453613281,
    74.28571319580078,
    67.61904907226562,
    74.28571319580078,
    71.42857360839844,
    81.9047622680664,
    85.71428680419922,
    76.19047546386719,
    85.71428680419922,
    86.66666412353516,
    92.3809585571289,
    91.42858123779297,
    92.3809585571289,
    83.80952453613281,
    87.61904907226562,
    94.28572082519531,
    91.42858123779297,
    97.14286041259766,
    94.28572082519531
  ],
  "7": [
    32.5,
    52.500003814697266,
    55.0,
    58.333335876464844,
    70.83333587646484,
    72.5,
    72.5,
    80.00000762939453,
    78.33333587646484,
    84.16667175292969,
    87.50000762939453,
    81.66667175292969,
    85.83333587646484,
    85.83333587646484,
    96.66667175292969,
    95.00000762939453,
    94.16667175292969,
    85.83333587646484,
    90.83333587646484,
    97.5,
    94.16667175292969,
    97.5,
    94.16667175292969
  ]
}