{
  "0": [
    60.000003814697266,
    26.666667938232422,
    53.333335876464844,
    33.333335876464844,
    40.0,
    0.0,
    33.333335876464844,
    53.333335876464844,
    33.333335876464844,
    73.33333587646484,
    60.000003814697266,
    53.333335876464844,
    33.333335876464844,
    66.66667175292969,
    73.33333587646484,
    26.666667938232422,
    80.0,
    66.66667175292969,
    80.0,
    46.66666793823242,
    60.000003814697266,
    40.0,
    86.66666412353516
  ],
  "1": [
    50.0,
    30.000001907348633,
    43.33333206176758,
    43.33333206176758,
    40.0,
    20.0,
    53.333335876464844,
    63.33333206176758,
    50.0,
    80.0,
    66.66667175292969,
    56.66666793823242,
    53.333335876464844,
    73.33333587646484,
    80.0,
    50.0,
    86.66666412353516,
    66.66667175292969,
    80.0,
    50.0,
    76.66666412353516,
    60.000003814697266,
    86.66666412353516
  ],
  "2": [
    42.22222137451172,
    33.333335876464844,
    48.88888931274414,
    46.66666793823242,
    46.66666793823242,
    37.77777862548828,
    55.55555725097656,
    64.44444274902344,
    57.77777862548828,
    80.0,
    77.77777862548828,
    75.55555725097656,
    64.44444274902344,
    80.0,
    84.44444274902344,
    68.8888931274414,
    88.8888931274414,
    75.55555725097656,
    91.11111450195312,
    71.11111450195312,
    80.0,
    75.55555725097656,
    88.8888931274414
  ],
  "3": [
    40.0,
    30.000001907348633,
    48.33333206176758,
    45.0,
    53.333335876464844,
    50.0,
    50.0,
    55.0,
    65.0,
    75.0,
    68.33333587646484,
    75.0,
    66.66667175292969,
    78.33333587646484,
    86.66666412353516,
    78.33333587646484,
    83.33332824707031,
    76.66666412353516,
    88.33333587646484,
    78.33333587646484,
    80.0,
    80.0,
    90.0
  ],
  "4": [
    41.33333206176758,
    33.333335876464844,
    49.333335876464844,
    45.333335876464844,
    58.666664123535156,
    57.33333206176758,
    56.0,
    60.000003814697266,
    65.33332824707031,
    72.0,
    72.0,
    74.66666412353516,
    73.33333587646484,
    80.0,
    85.33333587646484,
    81.33333587646484,
    89.33332824707031,
    77.33332824707031,
    89.33332824707031,
    85.33333587646484,
    82.66666412353516,
    84.0,
    90.66667175292969
  ],
  "5": [
    38.88888931274414,
    33.333335876464844,
    45.55555725097656,
    45.55555725097656,
    53.333335876464844,
    56.66666793823242,
    57.77777862548828,
    64.44444274902344,
    63.33333206176758,
    73.33333587646484,
    73.33333587646484,
    74.44444274902344,
    72.22222137451172,
    80.0,
    85.55555725097656,
    84.44444274902344,
    87.77777862548828,
    80.0,
    93.33333587646484,
    91.11111450195312,
    83.33332824707031,
    85.55555725097656,
    94.44444274902344
  ],
  "6": [
    43.80952453613281,
    35.238094329833984,
    44.761905670166016,
    46.66666793823242,
    57.142860412597656,
    61.904762268066406,
    59.04762268066406,
    68.5714340209961,
    64.76190948486328,
    79.04762268066406,
    78.0952377319336,
    75.23809814453125,
    79.04762268066406,
    83.80952453613281,
    85.71428680419922,
    91.42857360839844,
    87.61904907226562,
    83.80952453613281,
    94.28571319580078,
    95.23809814453125,
    82.85714721679688,
    83.80952453613281,
    97.14286041259766
  ],
  "7": [
    40.0,
    34.16666793823242,
    47.5,
    43.33333206176758,
    55.83333206176758,
    58.33333206176758,
    63.33333206176758,
    70.83332824707031,
    65.83333587646484,
    80.0,
    75.0,
    75.0,
    75.0,
    78.33333587646484,
    83.33332824707031,
    90.0,
    85.83333587646484,
    81.66666412353516,
    90.0,
    91.66667175292969,
    82.5,
    83.33332824707031,
    99.16666412353516
  ]
}