{
  "0": [
    13.333333969116211,
    26.666667938232422,
    60.000003814697266,
    46.66666793823242,
    33.333335876464844,
    20.0,
    60.000003814697266,
    66.66667175292969,
    86.66666412353516,
    66.66667175292969,
    53.333335876464844,
    53.333335876464844,
    66.66667175292969,
    46.66666793823242,
    73.33333587646484,
    53.333335876464844,
    53.333335876464844,
    46.66666793823242,
    46.66666793823242,
    86.66666412353516,
    53.333335876464844,
    80.0,
    66.66667175292969,
    80.0,
    80.0,
    60.000003814697266,
    86.66666412353516,
    86.66666412353516
  ],
  "1": [
    33.333335876464844,
    50.0,
    53.333335876464844,
    50.0,
    60.000003814697266,
    50.0,
    80.0,
    76.66666412353516,
    86.66666412353516,
    73.33333587646484,
    63.33333206176758,
    66.66667175292969,
    80.0,
    63.33333206176758,
    70.0,
    66.66667175292969,
    76.66666412353516,
    66.66667175292969,
    66.66667175292969,
    93.33333587646484,
    73.33333587646484,
    90.0,
    76.66666412353516,
    93.33333587646484,
    86.66666412353516,
    86.66666412353516,
    93.33333587646484,
    93.33333587646484
  ],
  "2": [
    40.0,
    42.22222137451172,
    48.88888931274414,
    51.111114501953125,
    55.55555725097656,
    48.88888931274414,
    77.77777862548828,
    68.8888931274414,
    88.8888931274414,
    71.11111450195312,
    77.77777862548828,
    71.11111450195312,
    80.0,
    68.8888931274414,
    75.55555725097656,
    71.11111450195312,
    75.55555725097656,
    71.11111450195312,
    75.55555725097656,
    86.66666412353516,
    84.44444274902344,
    91.11111450195312,
    82.22222137451172,
    93.33333587646484,
    86.66666412353516,
    86.66666412353516,
    80.0,
    86.66666412353516
  ],
  "3": [
    35.0,
    31.66666603088379,
    46.66666793823242,
    55.0,
    45.0,
    48.33333206176758,
    70.0,
    71.66666412353516,
    76.66666412353516,
    75.0,
    75.0,
    73.33333587646484,
    83.33332824707031,
    76.66666412353516,
    76.66666412353516,
    76.66666412353516,
    81.66666412353516,
    75.0,
    78.33333587646484,
    93.33333587646484,
    88.33333587646484,
    91.66667175292969,
    83.33332824707031,
    96.66666412353516,
    90.0,
    86.66666412353516,
    90.0,
    88.33333587646484
  ],
  "4": [
    34.66666793823242,
    32.0,
    45.333335876464844,
    56.0,
    54.66666793823242,
    56.0,
    73.33333587646484,
    76.0,
    78.66667175292969,
    81.33333587646484,
    73.33333587646484,
    76.0,
    82.66666412353516,
    81.33333587646484,
    84.0,
    77.33332824707031,
    88.0,
    80.0,
    85.33333587646484,
    92.0,
    84.0,
    92.0,
    86.66666412353516,
    97.33333587646484,
    93.33333587646484,
    88.0,
    93.33333587646484,
    90.66667175292969
  ],
  "5": [
    33.333335876464844,
    32.22222137451172,
    46.66666793823242,
    54.44444274902344,
    55.55555725097656,
    57.77777862548828,
    68.8888931274414,
    75.55555725097656,
    75.55555725097656,
    80.0,
    77.77777862548828,
    76.66666412353516,
    78.88888549804688,
    81.1111068725586,
    84.44444274902344,
    77.77777862548828,
    90.0,
    85.55555725097656,
    84.44444274902344,
    93.33333587646484,
    85.55555725097656,
    94.44444274902344,
    84.44444274902344,
    97.77777862548828,
    94.44444274902344,
    91.11111450195312,
    95.55555725097656,
    92.22222137451172
  ],
  "6": [
    35.238094329833984,
    31.428571701049805,
    46.66666793823242,
    55.23809814453125,
    62.85714340209961,
    63.80952453613281,
    65.71428680419922,
    74.28571319580078,
    75.23809814453125,
    83.80952453613281,
    79.04762268066406,
    81.9047622680664,
    81.9047622680664,
    82.85714721679688,
    87.61904907226562,
    80.0,
    93.33333587646484,
    86.66666412353516,
    86.66666412353516,
    95.23809814453125,
    87.61904907226562,
    96.19047546386719,
    85.71428680419922,
    99.04762268066406,
    95.23809814453125,
    92.38095092773438,
    97.14286041259766,
    91.42857360839844
  ],
  "7": [
    35.0,
    34.16666793823242,
    47.5,
    54.16666793823242,
    63.33333206176758,
    65.83333587646484,
    65.83333587646484,
    72.5,
    74.16666412353516,
    83.33332824707031,
    83.33332824707031,
    82.5,
    82.5,
    85.0,
    86.66666412353516,
    80.0,
    89.16666412353516,
    87.5,
    86.66666412353516,
    95.0,
    86.66666412353516,
    92.5,
    84.16666412353516,
    97.5,
    93.33333587646484,
    94.16666412353516,
    96.66666412353516,
    90.83333587646484
  ]
}