{
  "0": [
    20.000001907348633,
    20.000001907348633,
    20.000001907348633,
    33.333335876464844,
    20.000001907348633,
    20.000001907348633,
    20.000001907348633,
    20.000001907348633,
    33.333335876464844,
    33.333335876464844,
    40.000003814697266,
    60.000003814697266,
    26.666667938232422,
    20.000001907348633,
    40.000003814697266,
    53.333335876464844,
    53.333335876464844,
    40.000003814697266,
    26.666667938232422,
    40.000003814697266,
    66.66667175292969,
    53.333335876464844,
    40.000003814697266,
    26.666667938232422,
    40.000003814697266,
    53.333335876464844,
    40.000003814697266,
    46.66667175292969,
    60.000003814697266,
    80.00000762939453,
    86.66667175292969,
    80.00000762939453,
    100.0,
    93.33334350585938,
    66.66667175292969,
    60.000003814697266,
    86.66667175292969,
    80.00000762939453,
    86.66667175292969,
    93.33334350585938,
    100.0,
    93.33334350585938,
    86.66667175292969,
    86.66667175292969,
    73.33333587646484,
    93.33334350585938,
    66.66667175292969,
    93.33334350585938,
    93.33334350585938,
    93.33334350585938,
    100.0,
    100.0,
    93.33334350585938,
    100.0,
    100.0,
    100.0,
    100.0,
    93.33334350585938,
    100.0,
    100.0,
    100.0,
    93.33334350585938,
    86.66667175292969,
    100.0,
    100.0,
    93.33334350585938,
    100.0,
    100.0,
    100.0,
    100.0,
    100.0,
    100.0,
    100.0,
    100.0,
    100.0,
    100.0,
    100.0,
    100.0,
    100.0,
    100.0,
    100.0,
    93.33334350585938,
    93.33334350585938,
    100.0,
    93.33334350585938,
    100.0,
    100.0,
    93.33334350585938,
    100.0,
    100.0,
    100.0,
    100.0,
    100.0,
    100.0,
    100.0,
    100.0,
    100.0,
    100.0,
    100.0,
    93.33334350585938,
    93.33334350585938,
    100.0,
    80.00000762939453,
    100.0,
    100.0,
    100.0,
    100.0,
    100.0,
    100.0,
    93.33334350585938,
    80.00000762939453,
    100.0,
    100.0,
    93.33334350585938,
    100.0,
    100.0,
    100.0,
    100.0,
    100.0,
    86.66667175292969,
    93.33334350585938,
    100.0,
    100.0,
    100.0,
    93.33334350585938,
    93.33334350585938,
    100.0,
    93.33334350585938,
    93.33334350585938,
    93.33334350585938
  ],
  "1": [
    10.000000953674316,
    20.000001907348633,
    20.000001907348633,
    20.000001907348633,
    20.000001907348633,
    26.666667938232422,
    30.000001907348633,
    40.000003814697266,
    33.333335876464844,
    30.000001907348633,
    33.333335876464844,
    46.66667175292969,
    40.000003814697266,
    36.66666793823242,
    53.333335876464844,
    56.66667175292969,
    50.0,
    53.333335876464844,
    46.66667175292969,
    60.000003814697266,
    53.333335876464844,
    63.33333969116211,
    53.333335876464844,
    63.33333969116211,
    63.33333969116211,
    63.33333969116211,
    73.33333587646484,
    90.0,
    53.333335876464844,
    80.00000762939453,
    86.66667175292969,
    86.66667175292969,
    100.0,
    100.0,
    90.0,
    93.33334350585938,
    90.0,
    90.0,
    93.33334350585938,
    93.33334350585938,
    93.33334350585938,
    86.66667175292969,
    100.0,
    93.33334350585938,
    90.0,
    96.66667175292969,
    93.33334350585938,
    96.66667175292969,
    100.0,
    90.0,
    96.66667175292969,
    100.0,
    100.0,
    100.0,
    96.66667175292969,
    96.66667175292969,
    100.0,
    93.33334350585938,
    96.66667175292969,
    100.0,
    96.66667175292969,
    93.33334350585938,
    93.33334350585938,
    90.0,
    96.66667175292969,
    96.66667175292969,
    100.0,
    93.33334350585938,
    96.66667175292969,
    96.66667175292969,
    100.0,
    100.0,
    100.0,
    100.0,
    96.66667175292969,
    100.0,
    100.0,
    100.0,
    100.0,
    100.0,
    100.0,
    96.66667175292969,
    100.0,
    100.0,
    100.0,
    100.0,
    100.0,
    100.0,
    100.0,
    100.0,
    100.0,
    96.66667175292969,
    100.0,
    100.0,
    100.0,
    100.0,
    100.0,
    100.0,
    100.0,
    100.0,
    100.0,
    100.0,
    96.66667175292969,
    96.66667175292969,
    100.0,
    100.0,
    100.0,
    100.0,
    100.0,
    96.66667175292969,
    96.66667175292969,
    100.0,
    96.66667175292969,
    96.66667175292969,
    100.0,
    100.0,
    100.0,
    100.0,
    100.0,
    93.33334350585938,
    96.66667175292969,
    96.66667175292969,
    100.0,
    100.0,
    100.0,
    96.66667175292969,
    100.0,
    96.66667175292969,
    96.66667175292969,
    96.66667175292969
  ],
  "2": [
    6.6666669845581055,
    20.0,
    20.0,
    24.44444465637207,
    22.22222328186035,
    31.111112594604492,
    37.77777862548828,
    22.22222328186035,
    40.0,
    35.55555725097656,
    40.0,
    46.66666793823242,
    37.77777862548828,
    35.55555725097656,
    48.88888931274414,
    46.66666793823242,
    53.333335876464844,
    48.88888931274414,
    44.4444465637207,
    46.66666793823242,
    53.333335876464844,
    60.000003814697266,
    64.44444274902344,
    51.111114501953125,
    66.66667175292969,
    66.66667175292969,
    66.66667175292969,
    77.77777862548828,
    66.66667175292969,
    64.44444274902344,
    68.8888931274414,
    84.44444274902344,
    95.55555725097656,
    93.33333587646484,
    88.8888931274414,
    93.33333587646484,
    82.22222137451172,
    88.8888931274414,
    95.55555725097656,
    95.55555725097656,
    95.55555725097656,
    95.55555725097656,
    95.55555725097656,
    91.11111450195312,
    95.55555725097656,
    100.0,
    93.33333587646484,
    97.77777862548828,
    100.0,
    97.77777862548828,
    100.0,
    97.77777862548828,
    95.55555725097656,
    100.0,
    100.0,
    100.0,
    97.77777862548828,
    95.55555725097656,
    97.77777862548828,
    100.0,
    97.77777862548828,
    95.55555725097656,
    100.0,
    97.77777862548828,
    97.77777862548828,
    100.0,
    100.0,
    97.77777862548828,
    100.0,
    100.0,
    97.77777862548828,
    100.0,
    100.0,
    100.0,
    100.0,
    100.0,
    100.0,
    100.0,
    100.0,
    100.0,
    100.0,
    97.77777862548828,
    100.0,
    100.0,
    100.0,
    100.0,
    100.0,
    97.77777862548828,
    97.77777862548828,
    100.0,
    100.0,
    97.77777862548828,
    100.0,
    100.0,
    100.0,
    100.0,
    100.0,
    100.0,
    100.0,
    100.0,
    100.0,
    100.0,
    95.55555725097656,
    100.0,
    100.0,
    100.0,
    100.0,
    100.0,
    100.0,
    97.77777862548828,
    100.0,
    97.77777862548828,
    97.77777862548828,
    100.0,
    100.0,
    100.0,
    100.0,
    100.0,
    100.0,
    97.77777862548828,
    97.77777862548828,
    100.0,
    100.0,
    100.0,
    100.0,
    100.0,
    100.0,
    100.0,
    97.77777862548828,
    97.77777862548828
  ],