{
  "0": [
    3.436091661453247,
    1.6202319860458374,
    1.6107406616210938,
    1.6076563596725464,
    1.6064503192901611,
    1.591677188873291,
    1.5891969203948975,
    1.5641555786132812,
    1.4016574621200562,
    1.3927152156829834,
    1.3070241212844849,
    1.2788238525390625,
    1.073120355606079,
    1.3150155544281006,
    1.1501460075378418,
    1.0571585893630981,
    1.0565108060836792,
    1.341759443283081,
    1.229897141456604,
    1.1637427806854248,
    0.963018000125885,
    1.1128085851669312,
    0.9060867428779602,
    0.895415186882019,
    1.2425267696380615,
    1.1157582998275757,
    0.8628100752830505,
    0.833821713924408,
    0.3769798278808594,
    0.3389688730239868,
    0.41770678758621216,
    0.7809115648269653,
    0.45621249079704285,
    0.42132747173309326,
    1.6330336332321167,
    0.8953744769096375,
    0.7865483164787292,
    0.12026243656873703,
    0.1588166505098343,
    0.003399589331820607,
    0.05302461236715317,
    0.05220705270767212,
    0.00591339822858572,
    0.005658620968461037,
    1.4313595294952393,
    0.278639018535614,
    0.39634969830513,
    0.16740040481090546,
    0.31790992617607117,
    0.45067909359931946,
    0.05008963122963905,
    0.1138162910938263,
    0.4040473699569702,
    0.01960756443440914,
    0.0037940761540085077,
    0.0019070568960160017,
    0.02510380931198597,
    0.037784285843372345,
    0.23247481882572174,
    0.014755710028111935,
    0.3588905930519104,
    0.3282639682292938,
    0.461058646440506,
    0.29249390959739685,
    0.23079656064510345,
    0.04119453951716423,
    0.00425653625279665,
    0.004963566083461046,
    0.06158902868628502,
    0.19084829092025757,
    0.0211069043725729,
    6.143615610199049e-05,
    0.0017170411301776767,
    0.004662288352847099,
    0.002795933047309518,
    0.004820531699806452,
    0.023983003571629524,
    0.010212455876171589,
    0.24793462455272675,
    0.005561282858252525,
    0.09420027583837509,
    0.1479697823524475,
    0.018262142315506935,
    0.39312899112701416,
    0.22566552460193634,
    0.027230972424149513,
    0.00023226144548971206,
    0.005118915345519781,
    0.00015916302800178528,
    0.0022322579752653837,
    0.00032034199102781713,
    0.0008087296737357974,
    0.0002287345560034737,
    0.23396192491054535
  ],
  "1": [
    3.2222869396209717,
    1.6165329217910767,
    1.6159839630126953,
    1.609472632408142,
    1.6045688390731812,
    1.5937352180480957,
    1.5680201053619385,
    1.6121653318405151,
    1.3294285535812378,
    1.230074405670166,
    1.0598422288894653,
    1.1658916473388672,
    1.0949128866195679,
    0.9373683929443359,
    0.8897465467453003,
    0.9261626601219177,
    0.8202632665634155,
    1.0944796800613403,
    0.7282258868217468,
    0.7523418664932251,
    0.6601235270500183,
    0.7396031618118286,
    0.701831579208374,
    0.5652062296867371,
    0.8899633288383484,
    0.7969074845314026,
    0.7150625586509705,
    0.5586190819740295,
    0.19881173968315125,
    0.1827566921710968,
    0.12306717783212662,
    0.292757123708725,
    0.15430712699890137,
    0.303030788898468,
    0.46850821375846863,
    0.7643111944198608,
    0.9619131088256836,
    0.40461206436157227,
    0.2666885554790497,
    0.023018701002001762,
    0.028731558471918106,
    0.038463566452264786,
    0.02349952608346939,
    0.11152190715074539,
    0.42339053750038147,
    0.09683366864919662,
    0.1814853847026825,
    0.012053734622895718,
    0.07432891428470612,
    0.2932012379169464,
    0.2767142653465271,
    0.26783114671707153,
    0.17819108068943024,
    0.026462258771061897,
    0.02323099784553051,
    0.0059007094241678715,
    0.01868485100567341,
    0.006065338850021362,
    0.09887664765119553,
    0.0021589170210063457,
    0.07077424228191376,
    0.004501537419855595,
    0.03995843604207039,
    0.08938954770565033,
    0.0775459036231041,
    0.003611117834225297,
    0.0021847099997103214,
    0.0005687923403456807,
    0.017221981659531593,
    0.02482086978852749,
    0.00281321769580245,
    9.218764898832887e-05,
    0.0006502877222374082,
    0.0006610534619539976,
    0.0013295678654685616,
    0.001471416326239705,
    0.005940611008554697,
    0.0008576345280744135,
    0.04745478555560112,
    0.0014729927061125636,
    0.004671452101320028,
    0.005295935086905956,
    8.943656575866044e-05,
    0.0011694703716784716,
    0.03718244284391403,
    0.0027034683153033257,
    0.27588149905204773,
    2.3240935802459717,
    0.1176103875041008,
    0.0017804832896217704,
    0.00048136847908608615,
    0.001019644783809781,
    0.0018314842600375414,
    0.12128448486328125
  ],
  "2": [
    3.069291114807129,
    1.7301439046859741,
    1.6217901706695557,
    1.6158044338226318,
    1.6060205698013306,
    1.5962690114974976,
    1.568640947341919,
    1.544865608215332,
    1.3778821229934692,
    1.310452938079834,
    1.233121395111084,
    1.2698180675506592,
    1.2105941772460938,
    1.0866693258285522,
    1.041755199432373,
    0.9286537766456604,
    0.828239381313324,
    1.03330659866333,
    0.6910711526870728,
    0.8372332453727722,
    0.7560299634933472,
    0.8333770036697388,
    0.6815803050994873,
    0.5030105113983154,
    0.6518272757530212,
    0.5648986101150513,
    0.3747040927410126,
    0.33169838786125183,
    0.5460684895515442,
    0.3777467608451843,
    0.1558401882648468,
    0.3260272145271301,
    0.09004518389701843,
    0.2623935341835022,
    0.26133841276168823,
    0.34503430128097534,
    0.36334511637687683,
    0.05589037388563156,
    0.2175542265176773,
    0.014612577855587006,
    0.021886438131332397,
    0.004871397744864225,
    0.02769515849649906,
    0.028024878352880478,
    0.20279563963413239,
    0.05120537057518959,
    0.05763215571641922,
    0.0751308724284172,
    0.21672727167606354,
    0.13069957494735718,
    0.17720304429531097,
    1.0038694143295288,
    0.2804605960845947,
    0.04233148321509361,
    0.02471102587878704,
    0.05279983952641487,
    0.005813029129058123,
    0.00226161302998662,
    0.061781566590070724,
    0.0019353933166712523,
    0.007928491570055485,
    0.016094299033284187,
    0.01712931878864765,
    0.035745617002248764,
    0.0348794087767601,
    0.005230038892477751,
    0.002534904982894659,
    0.0002568964846432209,
    0.00866932887583971,
    0.0018722626846283674,
    0.002669133013114333,
    9.327168663730845e-05,
    0.00043350926716811955,
    0.005288036074489355,
    0.001429678057320416,
    0.0007436195737682283,
    0.005198802333325148,
    0.0007486011600121856,
    0.018080584704875946,
    0.0008470153552480042,
    0.0005603392492048442,
    0.00025839696172624826,
    0.0003415646788198501,
    0.004097874742001295,
    0.0028324765153229237,
    0.0014165721368044615,
    0.009457780979573727,
    0.5106337070465088,
    0.03154497593641281,
    0.0011516278609633446,
    0.0004815873980987817,
    0.0006047572242096066,
    0.0016260684933513403,
    0.12939096987247467
  ],