{
  "0": [
    1.6089975833892822,
    1.4640625715255737,
    1.1029990911483765,
    1.0559639930725098,
    1.2583718299865723,
    1.538569688796997,
    0.9252033233642578,
    1.138142466545105,
    0.5676862001419067,
    0.8254626989364624,
    0.7755112051963806,
    1.3165204524993896,
    1.0076419115066528,
    0.8987154960632324,
    1.0190024375915527,
    1.1100263595581055,
    0.7586506009101868,
    0.8205198049545288,
    0.8397918939590454,
    0.43970218300819397,
    0.9592779874801636,
    0.3380347788333893,
    0.664065957069397,
    0.4004316031932831,
    0.38046661019325256,
    0.641409695148468,
    0.42049726843833923,
    0.2665526568889618
  ],
  "1": [
    1.5527219772338867,
    1.176808476448059,
    0.9770620465278625,
    1.0785515308380127,
    0.8813115358352661,
    0.95493084192276,
    0.5895344614982605,
    0.7031620144844055,
    0.3654595911502838,
    0.5841315984725952,
    0.5622537136077881,
    0.8046666979789734,
    0.7490785717964172,
    0.557752251625061,
    0.8815170526504517,
    0.715492308139801,
    0.39948734641075134,
    0.5893844962120056,
    1.0367536544799805,
    0.3501380980014801,
    0.48491227626800537,
    0.16600744426250458,
    0.3977925777435303,
    0.22140513360500336,
    0.3078908324241638,
    0.346445232629776,
    0.25952813029289246,
    0.1964646279811859
  ],
  "2": [
    1.5524002313613892,
    1.2750729322433472,
    1.1322895288467407,
    1.0209293365478516,
    0.8534683585166931,
    0.9723178744316101,
    0.5740686058998108,
    0.7643422484397888,
    0.3073040843009949,
    0.7896950840950012,
    0.43394818902015686,
    0.5804726481437683,
    0.5938938856124878,
    0.5273088216781616,
    0.6898937225341797,
    0.6699202060699463,
    0.39262527227401733,
    0.6203517913818359,
    0.6815022230148315,
    0.3609687387943268,
    0.3945440649986267,
    0.1894117146730423,
    0.31252458691596985,
    0.27201446890830994,
    0.4267829656600952,
    0.43297120928764343,
    0.42544981837272644,
    0.25787872076034546
  ],
  "3": [
    1.5407723188400269,
    1.3872127532958984,
    1.1820529699325562,
    1.0168793201446533,
    0.962696373462677,
    0.9302144646644592,
    0.6487461924552917,
    0.7319386601448059,
    0.5068315863609314,
    0.6390604972839355,
    0.49216508865356445,
    0.5148286819458008,
    0.50062495470047,
    0.46506643295288086,
    0.6278941035270691,
    0.607673704624176,
    0.3157070279121399,
    0.626315712928772,
    0.6117770075798035,
    0.23777393996715546,
    0.2974475026130676,
    0.17655889689922333,
    0.4181852340698242,
    0.20732828974723816,
    0.35840997099876404,
    0.3089003264904022,
    0.3088924288749695,
    0.21594074368476868
  ],
  "4": [
    1.5666722059249878,
    1.3929834365844727,
    1.198144555091858,
    1.0427690744400024,
    0.9121083617210388,
    0.8559383153915405,
    0.572492778301239,
    0.7179728746414185,
    0.4994654953479767,
    0.53794264793396,
    0.5414455533027649,
    0.5300833582878113,
    0.5042567849159241,
    0.3640815019607544,
    0.47260594367980957,
    0.6572098135948181,
    0.2570287585258484,
    0.5201639533042908,
    0.4591776132583618,
    0.3062233328819275,
    0.29688647389411926,
    0.16698555648326874,
    0.36012816429138184,
    0.192762553691864,
    0.2729831635951996,
    0.3778848350048065,
    0.2748386561870575,
    0.26977550983428955
  ],
  "5": [
    1.5785044431686401,
    1.3853943347930908,
    1.1441444158554077,
    0.9889664649963379,
    0.8947386145591736,
    0.8903193473815918,
    0.5776318311691284,
    0.6970707774162292,
    0.49035510420799255,
    0.5212785601615906,
    0.5340301394462585,
    0.4829275906085968,
    0.4906722605228424,
    0.35298991203308105,
    0.4299696385860443,
    0.6003835201263428,
    0.23434136807918549,
    0.4194476902484894,
    0.38407376408576965,
    0.2690959572792053,
    0.3480185270309448,
    0.16278839111328125,
    0.35979777574539185,
    0.1499807983636856,
    0.21698498725891113,
    0.29074838757514954,
    0.21876268088817596,
    0.18228113651275635
  ],
  "6": [
    1.5586868524551392,
    1.3786054849624634,
    1.116074800491333,
    0.9660568833351135,
    0.843204140663147,
    0.7754932045936584,
    0.6514066457748413,
    0.7540042996406555,
    0.5323169827461243,
    0.49121037125587463,
    0.5028430223464966,
    0.4552422761917114,
    0.42443928122520447,
    0.33879169821739197,
    0.3930045962333679,
    0.5159230828285217,
    0.20510344207286835,
    0.3708198368549347,
    0.3883420526981354,
    0.227714404463768,
    0.3177247643470764,
    0.13478541374206543,
    0.3498663902282715,
    0.14535991847515106,
    0.234188050031662,
    0.21023619174957275,
    0.18710093200206757,
    0.22162580490112305
  ],
  "7": [
    1.5600757598876953,
    1.3743339776992798,
    1.1298896074295044,
    0.9871506094932556,
    0.854911208152771,
    0.7409721612930298,
    0.6911645531654358,
    0.7445195913314819,
    0.5319890379905701,
    0.5200756788253784,
    0.4813176691532135,
    0.48057934641838074,
    0.4211934506893158,
    0.3462636470794678,
    0.4003738760948181,
    0.5276280045509338,
    0.3014002740383148,
    0.35754135251045227,
    0.3552993834018707,
    0.2114398181438446,
    0.33038783073425293,
    0.20110513269901276,
    0.4033999443054199,
    0.1707911640405655,
    0.2349105328321457,
    0.2119116485118866,
    0.1763218641281128,
    0.23729722201824188
  ]
}