{
  "0": [
    3.352060556411743,
    2.0968425273895264,
    1.7866650819778442,
    1.4517834186553955,
    1.3862122297286987,
    1.059989094734192,
    1.5274555683135986,
    1.2252837419509888,
    0.9582985043525696,
    0.7370599508285522,
    0.5814705491065979,
    2.6645095348358154,
    1.816400408744812,
    0.6584672331809998,
    0.9883641600608826,
    0.7142355442047119,
    1.2693519592285156,
    1.2971583604812622,
    0.5512954592704773,
    0.7148985266685486,
    0.2706471383571625,
    0.6231586337089539,
    1.0135372877120972,
    0.7179858684539795,
    0.6404672265052795,
    0.408671110868454,
    0.4022532105445862,
    0.32471713423728943,
    0.41473257541656494
  ],
  "1": [
    2.991546630859375,
    1.9993852376937866,
    1.6327370405197144,
    1.3912701606750488,
    0.9976821541786194,
    0.6898504495620728,
    0.9428616762161255,
    0.7146506905555725,
    0.9041811227798462,
    0.686421811580658,
    0.5217460989952087,
    1.7710201740264893,
    1.0569988489151,
    0.8074813485145569,
    0.9225849509239197,
    0.34609901905059814,
    0.8132026195526123,
    0.8614187836647034,
    0.4817415475845337,
    0.3907512426376343,
    0.24576251208782196,
    0.5378687977790833,
    0.6090586185455322,
    0.3562837839126587,
    0.3373294770717621,
    0.1924416869878769,
    0.17573755979537964,
    0.2114349752664566,
    0.1645215004682541
  ],
  "2": [
    3.017382860183716,
    1.999535322189331,
    1.5629239082336426,
    1.3311728239059448,
    1.0569474697113037,
    0.7400215864181519,
    0.8705487847328186,
    0.6081903576850891,
    1.0028631687164307,
    0.8316548466682434,
    0.5465362668037415,
    1.1298044919967651,
    0.9414223432540894,
    0.8845862746238708,
    0.7931695580482483,
    0.42452549934387207,
    0.8352464437484741,
    0.6488482356071472,
    0.530403196811676,
    0.5619047284126282,
    0.3932603597640991,
    0.5069113373756409,
    0.5245164632797241,
    0.6265487670898438,
    0.4276300072669983,
    0.22384905815124512,
    0.2811262905597687,
    0.1427171677350998,
    0.15892192721366882
  ],
  "3": [
    2.8613924980163574,
    1.9241976737976074,
    1.5268231630325317,
    1.2250157594680786,
    1.3078685998916626,
    0.8618797659873962,
    0.9339043498039246,
    0.7142983675003052,
    0.9634498357772827,
    0.7659311294555664,
    0.5752003192901611,
    0.8944718241691589,
    0.810859739780426,
    0.6743694543838501,
    0.6371392607688904,
    0.4042587876319885,
    0.685208261013031,
    0.5306472182273865,
    0.4712107479572296,
    0.4839949607849121,
    0.320342093706131,
    0.41488564014434814,
    0.747431218624115,
    0.6695262789726257,
    0.45168107748031616,
    0.23789040744304657,
    0.27132636308670044,
    0.24261298775672913,
    0.17172308266162872
  ],
  "4": [
    2.908679723739624,
    1.9544501304626465,
    1.511462926864624,
    1.2803794145584106,
    1.1688001155853271,
    0.818718671798706,
    0.870642900466919,
    0.6811490058898926,
    0.7607836723327637,
    0.7332606911659241,
    0.48746195435523987,
    0.7028859257698059,
    0.710032045841217,
    0.5927661061286926,
    0.5597233176231384,
    0.35711053013801575,
    0.5404066443443298,
    0.40667879581451416,
    0.3658466041088104,
    0.3437788486480713,
    0.24403324723243713,
    0.433266282081604,
    0.7516376972198486,
    0.6227795481681824,
    0.3954814672470093,
    0.45524296164512634,
    0.24974991381168365,
    0.20990896224975586,
    0.19939398765563965
  ],
  "5": [
    2.9347927570343018,
    1.9637118577957153,
    1.49845290184021,
    1.3052362203598022,
    1.1235198974609375,
    0.7944930195808411,
    0.7773646712303162,
    0.6428552865982056,
    0.7479857802391052,
    0.7522269487380981,
    0.46777063608169556,
    0.6971282362937927,
    0.5984426140785217,
    0.4931095540523529,
    0.4987558126449585,
    0.27015602588653564,
    0.4913501441478729,
    0.41317257285118103,
    0.29249367117881775,
    0.31228095293045044,
    0.19490599632263184,
    0.44248393177986145,
    0.5734076499938965,
    0.4528021514415741,
    0.302327960729599,
    0.3189481198787689,
    0.22545386850833893,
    0.20214654505252838,
    0.14661738276481628
  ],
  "6": [
    2.887603521347046,
    1.962515115737915,
    1.5107207298278809,
    1.2997177839279175,
    1.0738234519958496,
    0.7780030965805054,
    0.7470464706420898,
    0.6228700876235962,
    0.6296331286430359,
    0.6254357695579529,
    0.44047361612319946,
    0.5632469654083252,
    0.5198730230331421,
    0.46390220522880554,
    0.4308629035949707,
    0.2506530284881592,
    0.4399782717227936,
    0.34387439489364624,
    0.32254382967948914,
    0.3106471598148346,
    0.2523336410522461,
    0.3522670269012451,
    0.48823460936546326,
    0.38302749395370483,
    0.2592477798461914,
    0.24953126907348633,
    0.1934049278497696,
    0.20392344892024994,
    0.17979860305786133
  ],
  "7": [
    2.856289863586426,
    2.0358405113220215,
    1.54487943649292,
    1.300950288772583,
    1.067343831062317,
    0.7775787711143494,
    0.7719706296920776,
    0.6307439804077148,
    0.5964672565460205,
    0.5632151365280151,
    0.46256154775619507,
    0.5184018611907959,
    0.4639338552951813,
    0.4469011127948761,
    0.41951876878738403,
    0.2478407770395279,
    0.39216598868370056,
    0.3360528349876404,
    0.2791304290294647,
    0.2798909544944763,
    0.2035483419895172,
    0.3200904130935669,
    0.42470258474349976,
    0.37471216917037964,
    0.3096155822277069,
    0.23050379753112793,
    0.1709083616733551,
    0.17960432171821594,
    0.17331810295581818
  ]
}