{
  "0": [
    3.3823537826538086,
    2.099186420440674,
    1.4628006219863892,
    1.3550068140029907,
    1.1067700386047363,
    0.9283359050750732,
    1.2824374437332153,
    0.6112818121910095,
    1.5708343982696533,
    0.9340086579322815,
    0.7204144597053528,
    0.5210981369018555,
    0.6699361205101013,
    0.16637380421161652,
    0.17307503521442413,
    0.4358326196670532,
    1.2698255777359009,
    0.4906844198703766,
    0.8010237812995911,
    0.13454881310462952,
    0.24744538962841034,
    0.3271405100822449,
    0.15696188807487488
  ],
  "1": [
    2.9880154132843018,
    1.8705703020095825,
    1.3779019117355347,
    1.127432942390442,
    0.9300990700721741,
    0.7211101651191711,
    0.8670862913131714,
    0.6460695266723633,
    1.2336711883544922,
    0.7416442632675171,
    0.4872969090938568,
    0.4154367446899414,
    0.48524677753448486,
    0.2621743381023407,
    0.13864439725875854,
    0.23866048455238342,
    0.5785526037216187,
    0.7636929750442505,
    0.6011555790901184,
    0.3305056691169739,
    0.24688135087490082,
    0.8173839449882507,
    0.369384765625
  ],
  "2": [
    2.905534505844116,
    1.8089483976364136,
    1.5108286142349243,
    1.1953299045562744,
    1.1824456453323364,
    0.966205358505249,
    0.8939104676246643,
    0.6686670780181885,
    1.1677616834640503,
    0.9701954126358032,
    0.6833270788192749,
    0.7277601361274719,
    0.5142667293548584,
    0.38130903244018555,
    0.3990418016910553,
    0.38854536414146423,
    0.42330142855644226,
    0.5556529760360718,
    0.506376326084137,
    0.3956862688064575,
    0.3328101336956024,
    0.4755271077156067,
    0.28352639079093933
  ],
  "3": [
    2.9239892959594727,
    1.7813900709152222,
    1.430577039718628,
    1.318756103515625,
    1.1142598390579224,
    0.9200046062469482,
    0.8092262148857117,
    0.9540120363235474,
    0.9290657043457031,
    0.7431237101554871,
    0.5816630721092224,
    0.6636991500854492,
    0.45355239510536194,
    0.3945564925670624,
    0.3527723252773285,
    0.29223692417144775,
    0.27926549315452576,
    0.5668462514877319,
    0.3248997926712036,
    0.311675101518631,
    0.21123193204402924,
    0.3264184594154358,
    0.19754262268543243
  ],
  "4": [
    2.9229812622070312,
    1.8489314317703247,
    1.6093670129776,
    1.3351116180419922,
    1.0691488981246948,
    0.8942374587059021,
    0.9460728168487549,
    0.9150672554969788,
    0.7668457627296448,
    0.7387527227401733,
    0.546541690826416,
    0.5879541635513306,
    0.4220285415649414,
    0.4350830614566803,
    0.25710853934288025,
    0.35630014538764954,
    0.32070186734199524,
    0.6150951981544495,
    0.32346832752227783,
    0.2501729130744934,
    0.22452940046787262,
    0.21606355905532837,
    0.15730327367782593
  ],
  "5": [
    2.7915992736816406,
    1.8251415491104126,
    1.5943427085876465,
    1.3107110261917114,
    1.0297609567642212,
    0.8905268907546997,
    0.8707911372184753,
    0.8560442328453064,
    0.7204442620277405,
    0.6743256449699402,
    0.5483949184417725,
    0.6450831294059753,
    0.49861904978752136,
    0.4222804307937622,
    0.2452622801065445,
    0.3143964409828186,
    0.2720264196395874,
    0.6132378578186035,
    0.3433513343334198,
    0.2287696897983551,
    0.19155456125736237,
    0.15366625785827637,
    0.20765836536884308
  ],
  "6": [
    2.8094866275787354,
    1.904044508934021,
    1.5892338752746582,
    1.308559775352478,
    1.042894959449768,
    0.8579499125480652,
    0.825007975101471,
    0.7537708282470703,
    0.6680616736412048,
    0.6042026281356812,
    0.489533931016922,
    0.6109087467193604,
    0.47607308626174927,
    0.36306989192962646,
    0.2561413645744324,
    0.27384647727012634,
    0.2102285623550415,
    0.4430764615535736,
    0.318164199590683,
    0.19265183806419373,
    0.24046452343463898,
    0.1300804615020752,
    0.22130225598812103
  ],
  "7": [
    2.71182918548584,
    1.9215699434280396,
    1.6244431734085083,
    1.3348456621170044,
    1.0844415426254272,
    0.8992684483528137,
    0.8009607791900635,
    0.6734930872917175,
    0.636292576789856,
    0.5349166989326477,
    0.4744170010089874,
    0.47669464349746704,
    0.45709508657455444,
    0.3276368975639343,
    0.22509369254112244,
    0.2236444354057312,
    0.18025235831737518,
    0.358452707529068,
    0.28012770414352417,
    0.1472998708486557,
    0.18514558672904968,
    0.09983394294977188,
    0.22064056992530823
  ]
}