{
  "0": [
    3.115886688232422,
    2.178295612335205,
    1.773980736732483,
    1.1988362073898315,
    1.3542141914367676,
    1.1836286783218384,
    1.8030699491500854,
    0.9557696580886841,
    1.2037360668182373,
    0.8483726978302002,
    2.566805124282837,
    0.8947650790214539,
    1.4313932657241821,
    0.5586159825325012,
    0.6350239515304565,
    0.6537410616874695,
    0.9741591215133667,
    0.5960589647293091,
    0.49901846051216125,
    2.112325429916382,
    0.5526869893074036,
    1.3470709323883057,
    0.8900394439697266,
    0.646967887878418,
    0.2648703157901764,
    0.5703634023666382,
    0.5981348752975464,
    0.4508003890514374,
    0.9122557044029236,
    0.4843449592590332,
    0.7958879470825195,
    0.055532559752464294,
    0.14843128621578217
  ],
  "1": [
    3.129575490951538,
    2.205686092376709,
    1.7683777809143066,
    1.2605315446853638,
    1.4499976634979248,
    1.2388405799865723,
    1.3437550067901611,
    0.8290112614631653,
    0.9095694422721863,
    0.6438121199607849,
    1.8451284170150757,
    0.7124308943748474,
    1.2131743431091309,
    0.9007733464241028,
    0.6473760604858398,
    0.4305650293827057,
    0.7292243838310242,
    0.6316020488739014,
    0.8596177697181702,
    1.4171775579452515,
    0.628556489944458,
    1.0789035558700562,
    0.7207063436508179,
    0.8818330764770508,
    0.33849942684173584,
    0.6200731992721558,
    0.3479952812194824,
    0.2786593735218048,
    0.6404777765274048,
    0.29376646876335144,
    0.5077076554298401,
    0.15451234579086304,
    0.7480291724205017
  ],
  "2": [
    2.9800117015838623,
    2.2622814178466797,
    1.6583592891693115,
    1.2257159948349,
    1.3188408613204956,
    1.1040492057800293,
    1.0272027254104614,
    0.8384411334991455,
    0.860042154788971,
    0.7622877359390259,
    1.290880799293518,
    0.6007722616195679,
    1.357912302017212,
    0.7241626381874084,
    0.5580488443374634,
    0.3504270017147064,
    0.5683895349502563,
    0.3982435464859009,
    0.589006781578064,
    0.9020320177078247,
    0.4107203483581543,
    0.6982205510139465,
    0.4383027255535126,
    0.6164247989654541,
    0.207885280251503,
    0.5321264266967773,
    0.32129305601119995,
    0.46955379843711853,
    0.43288880586624146,
    0.29033488035202026,
    0.3161216080188751,
    0.2235729694366455,
    0.4339297115802765
  ],
  "3": [
    2.9212167263031006,
    2.096557378768921,
    1.6297225952148438,
    1.2668349742889404,
    1.1886675357818604,
    0.9731098413467407,
    0.8038761615753174,
    0.6568094491958618,
    0.9164631962776184,
    0.6768286824226379,
    0.9903742074966431,
    0.5108076333999634,
    1.1396522521972656,
    0.7760336995124817,
    0.4707351624965668,
    0.48083651065826416,
    0.43223509192466736,
    0.2994157671928406,
    0.4457322657108307,
    0.7156466841697693,
    0.3337944746017456,
    0.5008676648139954,
    0.28856372833251953,
    0.3914029896259308,
    0.2244817465543747,
    0.35391509532928467,
    0.19100670516490936,
    0.34114134311676025,
    0.37102967500686646,
    0.32405078411102295,
    0.28984883427619934,
    0.13657966256141663,
    0.2833903133869171
  ],
  "4": [
    2.8164827823638916,
    1.966271996498108,
    1.522270679473877,
    1.1499067544937134,
    1.07866370677948,
    0.8303248882293701,
    0.8174235820770264,
    0.5826847553253174,
    0.6542798280715942,
    0.6012412905693054,
    0.7678273916244507,
    0.4459347426891327,
    0.9377208352088928,
    0.5827881097793579,
    0.3696426451206207,
    0.43034180998802185,
    0.47365671396255493,
    0.24214042723178864,
    0.341982364654541,
    0.5187033414840698,
    0.2763199806213379,
    0.3428472578525543,
    0.2369614988565445,
    0.27041423320770264,
    0.21839353442192078,
    0.23365524411201477,
    0.2738706171512604,
    0.5294820666313171,
    0.2682393491268158,
    0.28499266505241394,
    0.25840404629707336,
    0.15111933648586273,
    0.1731938272714615
  ],
  "5": [
    2.782841444015503,
    1.9889190196990967,
    1.5884363651275635,
    1.16324782371521,
    1.0164861679077148,
    0.7974566221237183,
    0.7285057306289673,
    0.5511872172355652,
    0.5005184412002563,
    0.5326748490333557,
    0.6578212976455688,
    0.6276545524597168,
    0.906114935874939,
    0.5185990333557129,
    0.48643821477890015,
    0.4473245441913605,
    0.41406863927841187,
    0.2584336996078491,
    0.4658774435520172,
    0.44930556416511536,
    0.27790287137031555,
    0.2962740659713745,
    0.2246275395154953,
    0.2151869237422943,
    0.20351138710975647,
    0.2842699885368347,
    0.19293895363807678,
    0.3750331401824951,
    0.37759336829185486,
    0.2118397206068039,
    0.20453277230262756,
    0.1882440745830536,
    0.1809205412864685
  ],
  "6": [
    2.73815655708313,
    1.9557347297668457,
    1.6080855131149292,
    1.1917400360107422,
    1.0164008140563965,
    0.7991681694984436,
    0.6820423007011414,
    0.5924180150032043,
    0.4956132471561432,
    0.5693258047103882,
    0.675468385219574,
    0.5406714081764221,
    0.7684581875801086,
    0.4846394956111908,
    0.45610201358795166,
    0.38067179918289185,
    0.3379051685333252,
    0.23547662794589996,
    0.43919554352760315,
    0.35452666878700256,
    0.259344220161438,
    0.24794071912765503,
    0.1932401955127716,
    0.1709686517715454,
    0.1548830270767212,
    0.24401728808879852,
    0.17447148263454437,
    0.3134118616580963,
    0.31204918026924133,
    0.21096500754356384,
    0.1462809443473816,
    0.16992121934890747,
    0.13279663026332855
  ],
  "7": [
    2.7398221492767334,
    2.039353609085083,
    1.6428637504577637,
    1.2071592807769775,
    1.0399067401885986,
    0.7978728413581848,
    0.6804460883140564,
    0.5783389806747437,
    0.5499467253684998,
    0.5732451677322388,
    0.6367982029914856,
    0.5597721934318542,
    0.7129495143890381,
    0.4312000274658203,
    0.41844967007637024,
    0.36440902948379517,
    0.36385205388069153,
    0.24923469126224518,
    0.3880915343761444,
    0.33272024989128113,
    0.2800179421901703,
    0.3016211688518524,
    0.24692769348621368,
    0.1784151941537857,
    0.16224390268325806,
    0.2763030230998993,
    0.15625081956386566,
    0.3245091438293457,
    0.2681237757205963,
    0.15547047555446625,
    0.14908985793590546,
    0.15895460546016693,
    0.17330332100391388
  ]
}