{
  "0": [
    1.606035590171814,
    1.669404149055481,
    1.4398691654205322,
    1.6869131326675415,
    1.2165035009384155,
    1.508387804031372,
    1.3328145742416382,
    0.5812122821807861,
    0.820955216884613,
    0.8362218141555786,
    0.34896108508110046,
    0.7400407791137695,
    0.82197105884552,
    0.5337504744529724,
    0.4884538948535919,
    0.5200077891349792,
    0.5452521443367004,
    0.4286818206310272,
    0.25773683190345764,
    0.2936125695705414,
    0.3257850110530853,
    0.45774587988853455,
    0.5172080993652344,
    0.5273597836494446,
    1.238307237625122
  ],
  "1": [
    1.6120562553405762,
    1.4699585437774658,
    1.418001413345337,
    1.2258374691009521,
    1.2455871105194092,
    1.138598084449768,
    1.1601821184158325,
    0.713095486164093,
    0.5541800260543823,
    1.1652085781097412,
    0.6172595024108887,
    0.823176383972168,
    1.0027623176574707,
    0.609393298625946,
    0.5984871983528137,
    0.5929965376853943,
    0.4630044102668762,
    0.51163649559021,
    0.7524791955947876,
    0.42390525341033936,
    0.285147488117218,
    0.24276769161224365,
    0.5482804179191589,
    0.45353224873542786,
    0.5847971439361572
  ],
  "2": [
    1.6588226556777954,
    1.4898860454559326,
    1.364240050315857,
    1.3031913042068481,
    1.131784200668335,
    1.2772560119628906,
    1.1988850831985474,
    0.6207066178321838,
    0.6560009121894836,
    1.1532516479492188,
    0.7219873666763306,
    0.6431641578674316,
    0.7510925531387329,
    0.42065590620040894,
    0.4798876941204071,
    0.3919358551502228,
    0.38267141580581665,
    0.34969571232795715,
    0.4476589858531952,
    0.37157195806503296,
    0.24557086825370789,
    0.2776987850666046,
    0.36277467012405396,
    0.3266725540161133,
    0.3249780535697937
  ],
  "3": [
    1.6349879503250122,
    1.4789917469024658,
    1.3485968112945557,
    1.2061705589294434,
    1.0195320844650269,
    1.1679209470748901,
    1.047838568687439,
    0.5286288857460022,
    0.6808173060417175,
    0.928225040435791,
    0.7010661363601685,
    0.4770222008228302,
    0.5394044518470764,
    0.3879169225692749,
    0.4042237102985382,
    0.35380396246910095,
    0.3331550359725952,
    0.2751333713531494,
    0.35340216755867004,
    0.3176373243331909,
    0.2839445471763611,
    0.188652902841568,
    0.3339599370956421,
    0.19737304747104645,
    0.2545585632324219
  ],
  "4": [
    1.6268178224563599,
    1.4762150049209595,
    1.321510910987854,
    1.107561469078064,
    0.9218021035194397,
    1.0584980249404907,
    0.9609576463699341,
    0.515207052230835,
    0.5844425559043884,
    0.7770870923995972,
    0.654364824295044,
    0.3790974020957947,
    0.4453565180301666,
    0.2936576008796692,
    0.3809591233730316,
    0.30788636207580566,
    0.3109185993671417,
    0.2128380686044693,
    0.29915016889572144,
    0.28551074862480164,
    0.19423268735408783,
    0.14120732247829437,
    0.3367724120616913,
    0.16445262730121613,
    0.21380363404750824
  ],
  "5": [
    1.6350589990615845,
    1.4722892045974731,
    1.266055941581726,
    1.0426734685897827,
    0.8701119422912598,
    0.9954724907875061,
    1.0049550533294678,
    0.5253056287765503,
    0.5743314623832703,
    0.6953269839286804,
    0.5993434190750122,
    0.38459312915802,
    0.41470494866371155,
    0.2525317966938019,
    0.3691028356552124,
    0.25858405232429504,
    0.3526608347892761,
    0.2169298231601715,
    0.35838553309440613,
    0.2519517242908478,
    0.1861751675605774,
    0.1603953093290329,
    0.2616698145866394,
    0.12451652437448502,
    0.16156770288944244
  ],
  "6": [
    1.6340347528457642,
    1.462408185005188,
    1.2317816019058228,
    1.0310782194137573,
    0.9274213910102844,
    0.9586067199707031,
    0.9460022449493408,
    0.4772966504096985,
    0.5981950759887695,
    0.6287831664085388,
    0.6264070868492126,
    0.3808431625366211,
    0.44931483268737793,
    0.29476454854011536,
    0.3467625379562378,
    0.25232598185539246,
    0.34018707275390625,
    0.26136136054992676,
    0.3561404347419739,
    0.26696038246154785,
    0.2063770592212677,
    0.15607164800167084,
    0.23004993796348572,
    0.14864826202392578,
    0.21430937945842743
  ],
  "7": [
    1.6349976062774658,
    1.464106798171997,
    1.2210522890090942,
    1.031998872756958,
    0.9767633080482483,
    0.9858801960945129,
    0.9014884829521179,
    0.5277776718139648,
    0.6300370693206787,
    0.6776425838470459,
    0.6464210748672485,
    0.39761582016944885,
    0.4919604957103729,
    0.32688847184181213,
    0.3952411115169525,
    0.36177465319633484,
    0.3667246699333191,
    0.36414143443107605,
    0.3675788342952728,
    0.24754226207733154,
    0.26782721281051636,
    0.18912208080291748,
    0.21145932376384735,
    0.18185025453567505,
    0.23069004714488983
  ]
}