{
  "0": [
    1.597105622291565,
    1.555141568183899,
    1.3276985883712769,
    1.325226902961731,
    1.1561620235443115,
    1.850290060043335,
    1.2393814325332642,
    1.030653476715088,
    1.3718335628509521,
    0.7500571608543396,
    0.9664450883865356,
    0.7667136192321777,
    0.8948959112167358,
    0.8124499320983887,
    0.6417005062103271,
    1.4001137018203735,
    0.8637042045593262,
    0.8279845714569092,
    0.7629993557929993,
    1.0615841150283813,
    1.3076858520507812,
    1.5209791660308838,
    0.4557052552700043
  ],
  "1": [
    1.6004714965820312,
    1.5413542985916138,
    1.4319400787353516,
    1.2010152339935303,
    1.1459928750991821,
    1.6016706228256226,
    0.7946673035621643,
    0.7520303726196289,
    1.0167553424835205,
    0.6317325234413147,
    0.8744081258773804,
    0.7491251826286316,
    0.8496713042259216,
    0.6635541915893555,
    0.5589364171028137,
    0.8088099360466003,
    0.4493124783039093,
    0.8667188286781311,
    0.5808363556861877,
    0.8526623249053955,
    0.7133370041847229,
    0.7406687140464783,
    0.4436277747154236
  ],
  "2": [
    1.6263459920883179,
    1.450758695602417,
    1.2889612913131714,
    1.122281789779663,
    1.066412329673767,
    1.3566166162490845,
    0.8065689206123352,
    0.7645494341850281,
    0.8391101360321045,
    0.708551287651062,
    0.6320804953575134,
    0.535828173160553,
    0.72732013463974,
    0.476767361164093,
    0.4252144694328308,
    0.5423265695571899,
    0.45872166752815247,
    0.5937248468399048,
    0.3685036301612854,
    0.5496049523353577,
    0.6055110096931458,
    0.7232814431190491,
    0.3782399296760559
  ],
  "3": [
    1.631517767906189,
    1.4891897439956665,
    1.26988685131073,
    1.1544080972671509,
    1.0725761651992798,
    1.1983588933944702,
    0.9510154128074646,
    0.889136016368866,
    0.798981249332428,
    0.7306434512138367,
    0.7824417948722839,
    0.5821856260299683,
    0.6647228598594666,
    0.5105632543563843,
    0.49996116757392883,
    0.44891199469566345,
    0.522689938545227,
    0.689426064491272,
    0.39400598406791687,
    0.43036648631095886,
    0.5383055806159973,
    0.555900514125824,
    0.3288106322288513
  ],
  "4": [
    1.6241708993911743,
    1.4738984107971191,
    1.2628520727157593,
    1.168776512145996,
    0.9519677758216858,
    1.0875325202941895,
    0.8639819622039795,
    0.8112829327583313,
    0.8139943480491638,
    0.6915937066078186,
    0.6814358234405518,
    0.5729749798774719,
    0.5399119853973389,
    0.42030903697013855,
    0.43098124861717224,
    0.3925919234752655,
    0.4166562557220459,
    0.5668372511863708,
    0.3230264484882355,
    0.35870423913002014,
    0.4498237669467926,
    0.4620879292488098,
    0.24381446838378906
  ],
  "5": [
    1.6327426433563232,
    1.4637571573257446,
    1.2728796005249023,
    1.1412805318832397,
    1.0122170448303223,
    1.0406718254089355,
    0.9282650351524353,
    0.7488489747047424,
    0.7844264507293701,
    0.6719903945922852,
    0.6714504361152649,
    0.6004464626312256,
    0.5207045674324036,
    0.4105965495109558,
    0.3812571167945862,
    0.3579718768596649,
    0.4066475033760071,
    0.49552541971206665,
    0.2832828164100647,
    0.2682986259460449,
    0.4288466274738312,
    0.40545061230659485,
    0.20231246948242188
  ],
  "6": [
    1.6377967596054077,
    1.4763785600662231,
    1.2511271238327026,
    1.1361024379730225,
    0.9413278102874756,
    0.9606227874755859,
    0.8817095160484314,
    0.6444376707077026,
    0.7400502562522888,
    0.5870416164398193,
    0.5971614122390747,
    0.6049003601074219,
    0.45678457617759705,
    0.3597038686275482,
    0.4323432445526123,
    0.2904914319515228,
    0.34190458059310913,
    0.41185012459754944,
    0.261513888835907,
    0.23863840103149414,
    0.44029226899147034,
    0.4125683307647705,
    0.15950357913970947
  ],
  "7": [
    1.6302664279937744,
    1.4843974113464355,
    1.2508403062820435,
    1.1761976480484009,
    0.9702061414718628,
    0.969685971736908,
    0.8715708255767822,
    0.6446788907051086,
    0.7444865107536316,
    0.5728477239608765,
    0.6208531260490417,
    0.6107584834098816,
    0.5248968005180359,
    0.45422855019569397,
    0.45752832293510437,
    0.3420887291431427,
    0.38273295760154724,
    0.4336840510368347,
    0.31688493490219116,
    0.2970607876777649,
    0.44259700179100037,
    0.45613184571266174,
    0.1497134417295456
  ]
}