{
  "0": [
    1.5722007751464844,
    0.9390053153038025,
    1.110636830329895,
    0.8537123799324036,
    1.2550989389419556,
    0.45785218477249146,
    0.5666248798370361,
    0.36863353848457336,
    0.6084074378013611,
    0.32034963369369507,
    0.850831925868988,
    1.0652871131896973,
    0.4073905348777771,
    0.315653920173645,
    0.2677156925201416,
    0.49486595392227173,
    0.3677321672439575,
    1.166149616241455,
    0.49883630871772766,
    0.1896909773349762,
    0.31390315294265747,
    0.27027568221092224,
    1.3899948596954346,
    0.9136243462562561,
    0.3272243142127991,
    0.3121403157711029,
    0.08444850891828537
  ],
  "1": [
    1.5589470863342285,
    0.9907817840576172,
    1.1632790565490723,
    1.1542176008224487,
    1.0705310106277466,
    0.7733749151229858,
    0.7503523826599121,
    0.5887464284896851,
    0.6802884340286255,
    0.4615236222743988,
    0.7383705377578735,
    1.1972229480743408,
    0.47860854864120483,
    0.48580673336982727,
    0.47176048159599304,
    0.6281864643096924,
    0.39835572242736816,
    0.9063567519187927,
    0.5519527792930603,
    0.3285682499408722,
    0.1837451457977295,
    0.49182000756263733,
    1.0358213186264038,
    0.5928436517715454,
    0.24063286185264587,
    0.3663763999938965,
    0.43993309140205383
  ],
  "2": [
    1.5757819414138794,
    1.1335210800170898,
    1.0647435188293457,
    1.0419024229049683,
    1.072909951210022,
    0.7777103781700134,
    0.7279017567634583,
    0.6214267611503601,
    0.8463202714920044,
    0.5474333763122559,
    0.5268312692642212,
    0.9349519610404968,
    0.7452821731567383,
    0.5241472125053406,
    0.41759437322616577,
    0.4439084827899933,
    0.5099728107452393,
    0.5645458698272705,
    0.396853506565094,
    0.22196248173713684,
    0.195320263504982,
    0.41134965419769287,
    0.6266235709190369,
    0.406684547662735,
    0.17482607066631317,
    0.18664272129535675,
    0.24623215198516846
  ],
  "3": [
    1.5853991508483887,
    1.1946879625320435,
    1.077142596244812,
    1.1647140979766846,
    0.9674609303474426,
    0.6821483373641968,
    0.7553659081459045,
    0.6272099614143372,
    0.6815040707588196,
    0.6597486138343811,
    0.42787325382232666,
    0.6416357755661011,
    0.5711373686790466,
    0.44429200887680054,
    0.38475900888442993,
    0.4022095203399658,
    0.4361658990383148,
    0.38111183047294617,
    0.3158966898918152,
    0.14720621705055237,
    0.26397356390953064,
    0.3032504916191101,
    0.45436039566993713,
    0.509533703327179,
    0.17286019027233124,
    0.19512636959552765,
    0.19973596930503845
  ],
  "4": [
    1.5813076496124268,
    1.2584973573684692,
    1.0859373807907104,
    1.1510124206542969,
    1.034484624862671,
    0.7416331171989441,
    0.722413182258606,
    0.6376365423202515,
    0.6710543036460876,
    0.5846167206764221,
    0.4667513072490692,
    0.6059514284133911,
    0.6023074388504028,
    0.5521201491355896,
    0.3985975682735443,
    0.40793463587760925,
    0.502923309803009,
    0.3243049085140228,
    0.31221336126327515,
    0.1711222380399704,
    0.25226500630378723,
    0.27760839462280273,
    0.36219191551208496,
    0.3946446180343628,
    0.1367359757423401,
    0.18710312247276306,
    0.19901487231254578
  ],
  "5": [
    1.6023075580596924,
    1.2768361568450928,
    1.1046656370162964,
    1.0813958644866943,
    0.9976205825805664,
    0.7974551916122437,
    0.7344735264778137,
    0.6030116677284241,
    0.6159387230873108,
    0.4922446012496948,
    0.4523439407348633,
    0.626089870929718,
    0.5603464841842651,
    0.4824109971523285,
    0.41055062413215637,
    0.4275784194469452,
    0.4463610351085663,
    0.29747655987739563,
    0.2785645127296448,
    0.15972205996513367,
    0.27918192744255066,
    0.25442972779273987,
    0.258235365152359,
    0.3004247844219208,
    0.17135342955589294,
    0.11050442606210709,
    0.17952050268650055
  ],
  "6": [
    1.5961313247680664,
    1.310678243637085,
    1.0757228136062622,
    1.0856328010559082,
    0.9757543802261353,
    0.7742889523506165,
    0.707974910736084,
    0.6213474869728088,
    0.6130989789962769,
    0.493096262216568,
    0.47211015224456787,
    0.556533694267273,
    0.4788224399089813,
    0.4832434058189392,
    0.36544671654701233,
    0.3709653317928314,
    0.3643357455730438,
    0.3105893135070801,
    0.26545092463493347,
    0.1425643414258957,
    0.25865837931632996,
    0.23640799522399902,
    0.19739504158496857,
    0.26720935106277466,
    0.16178502142429352,
    0.11422114819288254,
    0.2064853012561798
  ],
  "7": [
    1.5993813276290894,
    1.3275949954986572,
    1.0805171728134155,
    1.0573559999465942,
    0.9805155396461487,
    0.7658349871635437,
    0.6964423656463623,
    0.6955111622810364,
    0.5784363746643066,
    0.49016621708869934,
    0.4978165030479431,
    0.5116832852363586,
    0.5074511766433716,
    0.5050404071807861,
    0.3628385066986084,
    0.3715486228466034,
    0.3623335063457489,
    0.30096733570098877,
    0.30107003450393677,
    0.18213021755218506,
    0.282769113779068,
    0.25087204575538635,
    0.18061332404613495,
    0.23693911731243134,
    0.13244150578975677,
    0.16496334969997406,
    0.21153050661087036
  ]
}