{
  "0": [
    3.0657958984375,
    2.260218620300293,
    1.7245391607284546,
    1.4366971254348755,
    1.501373529434204,
    1.690004587173462,
    1.545811414718628,
    1.0749337673187256,
    1.219900369644165,
    1.36807119846344,
    0.7256019711494446,
    0.9960975646972656,
    0.8210526704788208,
    1.0940214395523071,
    1.320156216621399,
    0.704228937625885,
    1.300546646118164,
    1.5526716709136963,
    2.5194833278656006,
    1.011214017868042,
    0.5133486986160278,
    1.2194061279296875,
    1.0664631128311157,
    1.0474448204040527,
    0.3717622756958008,
    0.8001030683517456,
    0.42527058720588684,
    1.1051714420318604,
    0.47049304842948914,
    0.5829535126686096,
    0.7674258351325989,
    1.7198143005371094,
    0.5789852142333984,
    0.7234751582145691,
    0.5000725984573364,
    0.20309236645698547,
    1.8875772953033447,
    0.544557511806488,
    0.33673906326293945,
    0.943412184715271,
    0.656663715839386
  ],
  "1": [
    3.010293483734131,
    2.194186210632324,
    1.8278621435165405,
    1.4138065576553345,
    1.2778775691986084,
    1.619621992111206,
    1.4664816856384277,
    1.4015849828720093,
    1.0372588634490967,
    1.0505121946334839,
    0.7316426038742065,
    0.9005600810050964,
    0.660544216632843,
    0.6886610388755798,
    1.1424171924591064,
    0.7201982140541077,
    0.7582138776779175,
    1.086872935295105,
    1.521351933479309,
    1.064263939857483,
    0.7281150221824646,
    0.7209920883178711,
    0.9276061654090881,
    0.784841001033783,
    0.39790624380111694,
    0.6332207918167114,
    0.6263355016708374,
    0.7174367904663086,
    0.6173842549324036,
    0.4989008605480194,
    1.1625292301177979,
    0.9625752568244934,
    0.43323686718940735,
    0.41416069865226746,
    0.292218416929245,
    0.14626756310462952,
    1.3823524713516235,
    0.7449418306350708,
    0.9691342115402222,
    0.6053805947303772,
    0.3389171063899994
  ],
  "2": [
    2.924452781677246,
    2.140535831451416,
    1.6872340440750122,
    1.3460536003112793,
    1.1241074800491333,
    1.2206861972808838,
    1.1649004220962524,
    1.1994800567626953,
    1.1169540882110596,
    0.8998664021492004,
    0.7087224125862122,
    0.7376264929771423,
    0.5507463216781616,
    0.6055186986923218,
    0.7942344546318054,
    0.7235003709793091,
    0.5785263180732727,
    0.7344789505004883,
    1.109654426574707,
    0.6997652053833008,
    0.8812448382377625,
    0.47132501006126404,
    0.8430607914924622,
    0.5853382349014282,
    0.24501051008701324,
    0.6675256490707397,
    0.5298826694488525,
    0.7569414973258972,
    0.6985869407653809,
    0.3906629681587219,
    0.7298417091369629,
    0.8114461898803711,
    0.3066776990890503,
    0.53547203540802,
    0.2214919626712799,
    0.376219779253006,
    1.1782053709030151,
    0.9349971413612366,
    0.7228939533233643,
    0.5617175102233887,
    0.23325683176517487
  ],
  "3": [
    2.9266085624694824,
    2.092843770980835,
    1.6964704990386963,
    1.3253540992736816,
    1.1726911067962646,
    1.117449402809143,
    1.0435841083526611,
    1.1889301538467407,
    1.0435307025909424,
    0.8629744648933411,
    0.6821146607398987,
    0.9374777674674988,
    0.7527037262916565,
    0.6291494369506836,
    0.6489354968070984,
    0.6920151114463806,
    0.5322081446647644,
    0.5867293477058411,
    0.9836858510971069,
    0.7447153329849243,
    0.7762567400932312,
    0.3790079355239868,
    0.6775637865066528,
    0.49632060527801514,
    0.3637944161891937,
    0.4984080493450165,
    0.5206575989723206,
    0.5837710499763489,
    0.5974724888801575,
    0.3239559829235077,
    0.8209842443466187,
    0.9243726134300232,
    0.2782334089279175,
    0.49855220317840576,
    0.24091829359531403,
    0.33483222126960754,
    0.8995949029922485,
    0.7523090839385986,
    0.5880982875823975,
    0.4801199734210968,
    0.31026890873908997
  ],
  "4": [
    2.8699305057525635,
    2.0390210151672363,
    1.6468616724014282,
    1.2918963432312012,
    1.0910006761550903,
    1.1769073009490967,
    0.9353341460227966,
    0.9657832980155945,
    0.9794734716415405,
    0.7268244028091431,
    0.6100056767463684,
    0.7749906182289124,
    0.6226992011070251,
    0.5184306502342224,
    0.9607552289962769,
    0.8433144092559814,
    0.5527615547180176,
    0.5414989590644836,
    0.7601402401924133,
    0.7039448022842407,
    0.6898704767227173,
    0.3274758458137512,
    0.687946081161499,
    0.44132888317108154,
    0.333952397108078,
    0.37995192408561707,
    0.3799420893192291,
    0.5179648995399475,
    0.5628730654716492,
    0.289457768201828,
    0.6026561856269836,
    0.7525948286056519,
    0.24628175795078278,
    0.5463230609893799,
    0.22087110579013824,
    0.4048942029476166,
    0.7545129656791687,
    0.5597994923591614,
    0.4503277540206909,
    0.44335901737213135,
    0.2649310827255249
  ],
  "5": [
    2.8807358741760254,
    2.0406854152679443,
    1.6537679433822632,
    1.3179105520248413,
    1.1089681386947632,
    1.1510827541351318,
    1.0371997356414795,
    1.0019588470458984,
    0.8776237368583679,
    0.7905142903327942,
    0.6040328741073608,
    0.6898761987686157,
    0.6255217790603638,
    0.5248945951461792,
    0.8333513736724854,
    0.7681884169578552,
    0.5032233595848083,
    0.46836382150650024,
    0.5986061692237854,
    0.6139369010925293,
    0.6113082766532898,
    0.29717057943344116,
    0.5668385624885559,
    0.38135600090026855,
    0.3466956615447998,
    0.3568011522293091,
    0.37291809916496277,
    0.5202503800392151,
    0.4531843364238739,
    0.3630060851573944,
    0.4541924297809601,
    0.5771286487579346,
    0.23588746786117554,
    0.4665539264678955,
    0.28457388281822205,
    0.3499080538749695,
    0.7542235255241394,
    0.7224174737930298,
    0.3870397210121155,
    0.36353662610054016,
    0.23252546787261963
  ],
  "6": [
    2.8522565364837646,
    2.129121780395508,
    1.728192687034607,
    1.3638206720352173,
    1.1078143119812012,
    1.1148066520690918,
    1.0072826147079468,
    0.9276514053344727,
    0.755571186542511,
    0.7237324118614197,
    0.6122281551361084,
    0.6221052408218384,
    0.5928269028663635,
    0.48345303535461426,
    0.6994542479515076,
    0.6529309153556824,
    0.4545935392379761,
    0.43673425912857056,
    0.47554659843444824,
    0.4853518605232239,
    0.49529051780700684,
    0.4087293744087219,
    0.4752195179462433,
    0.3134578764438629,
    0.27388063073158264,
    0.26684367656707764,
    0.3967500925064087,
    0.4152929484844208,
    0.35078054666519165,
    0.3110341727733612,
    0.33418089151382446,
    0.4547266662120819,
    0.21980352699756622,
    0.4903964698314667,
    0.2821773588657379,
    0.25931528210639954,
    0.6444944739341736,
    0.6068164110183716,
    0.31829097867012024,
    0.32878032326698303,
    0.21378757059574127
  ],
  "7": [
    2.802830696105957,
    2.157825231552124,
    1.7742962837219238,
    1.3974665403366089,
    1.1350950002670288,
    1.0693367719650269,
    0.9966714978218079,
    0.9186462163925171,
    0.7350876927375793,
    0.7388752102851868,
    0.655789315700531,
    0.5931596159934998,
    0.5370264649391174,
    0.517440676689148,
    0.636820375919342,
    0.6292592883110046,
    0.5112122893333435,
    0.5163722634315491,
    0.5166721343994141,
    0.4790080785751343,
    0.4481363892555237,
    0.37510600686073303,
    0.44288015365600586,
    0.3275758922100067,
    0.271912544965744,
    0.28329288959503174,
    0.36112597584724426,
    0.3902178704738617,
    0.3424147963523865,
    0.34005776047706604,
    0.29206112027168274,
    0.42067450284957886,
    0.26088377833366394,
    0.47543707489967346,
    0.2675986886024475,
    0.25511786341667175,
    0.5772278904914856,
    0.509172260761261,
    0.29227685928344727,
    0.31555142998695374,
    0.21600976586341858
  ]
}