{
  "0": [
    1.5733628273010254,
    1.493035078048706,
    0.9989238381385803,
    1.1022502183914185,
    1.067542552947998,
    1.0266742706298828,
    1.1693006753921509,
    1.8520231246948242,
    0.4781327247619629,
    0.602756142616272,
    1.13776695728302,
    0.20996008813381195,
    0.6724951267242432,
    0.46509528160095215,
    1.2706013917922974,
    0.03721190243959427,
    0.10882022976875305,
    0.16277197003364563,
    1.4790376424789429,
    0.4041244387626648,
    1.0394294261932373,
    0.14343029260635376,
    0.9847105741500854,
    0.5249178409576416,
    0.1914869248867035,
    0.18024702370166779,
    0.010698799043893814,
    0.24850913882255554,
    0.4675377905368805,
    0.23008255660533905,
    0.38158705830574036
  ],
  "1": [
    1.550133228302002,
    1.110756754875183,
    1.030344009399414,
    0.9144058227539062,
    0.8946658372879028,
    0.8083471059799194,
    0.6595177054405212,
    1.0317572355270386,
    0.784598708152771,
    0.5254563093185425,
    0.6747161149978638,
    0.22078706324100494,
    0.6392690539360046,
    0.29750189185142517,
    0.6202095746994019,
    0.12345030158758163,
    0.1637106090784073,
    0.27707839012145996,
    1.1262954473495483,
    0.23012252151966095,
    0.4363374412059784,
    0.21234941482543945,
    0.490699827671051,
    0.4305887222290039,
    0.5686399936676025,
    0.31129705905914307,
    0.08830605447292328,
    0.29328662157058716,
    0.25241273641586304,
    0.2525189518928528,
    0.18335041403770447
  ],
  "2": [
    1.557856559753418,
    1.2300118207931519,
    1.1327799558639526,
    1.0031810998916626,
    0.8799719214439392,
    0.8131428956985474,
    0.6955696940422058,
    0.7398529052734375,
    0.5493435859680176,
    0.4936422109603882,
    0.48697248101234436,
    0.28965845704078674,
    0.424875408411026,
    0.2819302976131439,
    0.5018056631088257,
    0.27642861008644104,
    0.3105187714099884,
    0.25148478150367737,
    0.6560357213020325,
    0.3816780149936676,
    0.3824059069156647,
    0.10476290434598923,
    0.2208850085735321,
    0.3776003122329712,
    0.2839028239250183,
    0.19241109490394592,
    0.3372344672679901,
    0.13576337695121765,
    0.35881805419921875,
    0.43855684995651245,
    0.244502991437912
  ],
  "3": [
    1.5540590286254883,
    1.3228254318237305,
    1.1414821147918701,
    1.0083461999893188,
    0.8041657209396362,
    0.8280283212661743,
    0.696266233921051,
    0.6797471642494202,
    0.5763537287712097,
    0.42414340376853943,
    0.4998040199279785,
    0.331883043050766,
    0.30567315220832825,
    0.2631382942199707,
    0.46486493945121765,
    0.29021868109703064,
    0.18328677117824554,
    0.22561226785182953,
    0.5848420262336731,
    0.2660103142261505,
    0.2449844777584076,
    0.0899161770939827,
    0.1610865443944931,
    0.3250924050807953,
    0.17468611896038055,
    0.2165146917104721,
    0.1947140097618103,
    0.08247113972902298,
    0.416533887386322,
    0.3067842721939087,
    0.1400235891342163
  ],
  "4": [
    1.55298912525177,
    1.319751262664795,
    1.0484768152236938,
    0.9962278604507446,
    0.8278013467788696,
    0.8194888234138489,
    0.7591725587844849,
    0.6362757086753845,
    0.5744507908821106,
    0.4479027986526489,
    0.48664918541908264,
    0.2545132637023926,
    0.31577160954475403,
    0.24708394706249237,
    0.3900321424007416,
    0.2886820137500763,
    0.19432218372821808,
    0.3518804907798767,
    0.48337292671203613,
    0.24909816682338715,
    0.19468991458415985,
    0.11107940971851349,
    0.18411988019943237,
    0.2448919266462326,
    0.22414803504943848,
    0.21572649478912354,
    0.20039236545562744,
    0.06418589502573013,
    0.29216334223747253,
    0.29184550046920776,
    0.1030244454741478
  ],
  "5": [
    1.5562782287597656,
    1.3479523658752441,
    1.0490273237228394,
    0.9993292093276978,
    0.8517862558364868,
    0.8181764483451843,
    0.7564287185668945,
    0.6620988845825195,
    0.7308979034423828,
    0.4948342442512512,
    0.5679783225059509,
    0.28301548957824707,
    0.2829911708831787,
    0.3182086944580078,
    0.45607075095176697,
    0.3053707778453827,
    0.33105039596557617,
    0.43690726161003113,
    0.5060718059539795,
    0.25706911087036133,
    0.20251750946044922,
    0.1374235898256302,
    0.18693596124649048,
    0.2337268441915512,
    0.2095831036567688,
    0.38390928506851196,
    0.17604029178619385,
    0.24117021262645721,
    0.2874237895011902,
    0.2650112509727478,
    0.14093981683254242
  ],
  "6": [
    1.5463896989822388,
    1.37565016746521,
    1.0477755069732666,
    1.0065480470657349,
    0.8422016501426697,
    0.8106940388679504,
    0.7558709383010864,
    0.6556003093719482,
    0.7645877003669739,
    0.5067504048347473,
    0.5597025156021118,
    0.32191410660743713,
    0.3551095426082611,
    0.3150235116481781,
    0.43101656436920166,
    0.31767037510871887,
    0.36213067173957825,
    0.38866564631462097,
    0.516245424747467,
    0.28819307684898376,
    0.28387534618377686,
    0.21564629673957825,
    0.21589745581150055,
    0.2020152509212494,
    0.22858038544654846,
    0.33386802673339844,
    0.17314518988132477,
    0.24386128783226013,
    0.23479357361793518,
    0.29430779814720154,
    0.13998347520828247
  ],
  "7": [
    1.5452696084976196,
    1.3756203651428223,
    1.0447535514831543,
    0.9712737202644348,
    0.7869007587432861,
    0.789130687713623,
    0.7294642329216003,
    0.603403627872467,
    0.6919752955436707,
    0.4399622082710266,
    0.4987506568431854,
    0.3075922727584839,
    0.33247238397598267,
    0.3426953852176666,
    0.3949684798717499,
    0.2750101089477539,
    0.3177420496940613,
    0.3702315092086792,
    0.4221961498260498,
    0.2743705213069916,
    0.24481144547462463,
    0.19372762739658356,
    0.237077996134758,
    0.19850113987922668,
    0.1942787617444992,
    0.26757314801216125,
    0.16928927600383759,
    0.20829342305660248,
    0.20031306147575378,
    0.237767294049263,
    0.14363209903240204
  ]
}