{
  "0": [
    3.114253282546997,
    1.8540329933166504,
    1.3602659702301025,
    1.1742212772369385,
    1.5220988988876343,
    1.3473302125930786,
    0.7564430236816406,
    0.5566529035568237,
    0.7880710363388062,
    1.047486662864685,
    0.3590531051158905,
    0.598522961139679,
    0.38948217034339905,
    0.44667598605155945,
    0.5813713669776917,
    0.32357197999954224,
    0.411969393491745,
    0.5276685357093811,
    0.3764089047908783,
    0.20114868879318237,
    0.4703838527202606,
    1.2246509790420532,
    0.9993826150894165,
    0.586904764175415,
    0.3576677739620209,
    1.05231773853302,
    0.083976611495018,
    0.5064643621444702,
    0.5208852887153625,
    0.37679237127304077,
    0.3440605700016022,
    1.5402098894119263,
    0.1040719598531723,
    0.5429313778877258,
    0.15770402550697327,
    0.4922757148742676,
    0.3348614275455475
  ],
  "1": [
    3.1737897396087646,
    2.0475454330444336,
    1.4869894981384277,
    1.3437082767486572,
    1.3824975490570068,
    1.0371102094650269,
    0.7464532256126404,
    0.8242112398147583,
    0.8840749263763428,
    0.7599170804023743,
    1.1193480491638184,
    0.6819226741790771,
    0.4626910388469696,
    0.3842609226703644,
    0.6815183162689209,
    0.7226044535636902,
    0.47642698884010315,
    0.4597666561603546,
    0.4703129529953003,
    0.293062686920166,
    0.9288686513900757,
    0.7762683629989624,
    0.6332322955131531,
    0.3764514923095703,
    0.3614969253540039,
    0.7647954821586609,
    0.2405201941728592,
    0.5049808025360107,
    0.4937235713005066,
    0.43487676978111267,
    0.2053987681865692,
    0.8665547966957092,
    0.31512659788131714,
    0.5767602324485779,
    0.4286632537841797,
    0.4078967273235321,
    0.154706209897995
  ],
  "2": [
    3.1091179847717285,
    2.0294861793518066,
    1.4376802444458008,
    1.2027792930603027,
    1.4170156717300415,
    1.089942455291748,
    0.7125699520111084,
    0.7610469460487366,
    0.7485145330429077,
    0.5215028524398804,
    0.8716621398925781,
    0.7200993299484253,
    0.44042789936065674,
    0.5772377252578735,
    0.5411685705184937,
    0.755401611328125,
    0.6527068018913269,
    0.5983683466911316,
    0.3843443989753723,
    0.27139803767204285,
    0.8194427490234375,
    0.6163710951805115,
    0.3694714307785034,
    0.32161542773246765,
    0.22518566250801086,
    0.5781767964363098,
    0.18978218734264374,
    0.36355945467948914,
    0.4738328158855438,
    0.36774012446403503,
    0.20954398810863495,
    0.6164693236351013,
    0.3904084861278534,
    0.48906952142715454,
    0.34183335304260254,
    0.6121007800102234,
    0.29135754704475403
  ],
  "3": [
    2.962653875350952,
    2.0559334754943848,
    1.4157947301864624,
    1.1552050113677979,
    1.2354220151901245,
    0.9422537684440613,
    0.7052032947540283,
    0.7532029747962952,
    0.6984745264053345,
    0.519564688205719,
    0.758504331111908,
    0.5491152405738831,
    0.33166444301605225,
    0.5259440541267395,
    0.4046275019645691,
    0.768812894821167,
    0.5245493054389954,
    0.628074049949646,
    0.3062075972557068,
    0.49138686060905457,
    0.681747317314148,
    0.6257098913192749,
    0.36102405190467834,
    0.33393993973731995,
    0.22020992636680603,
    0.46225664019584656,
    0.2745269536972046,
    0.30707699060440063,
    0.3022051751613617,
    0.3044029474258423,
    0.24126724898815155,
    0.41614770889282227,
    0.3105621933937073,
    0.3182872533798218,
    0.21525096893310547,
    0.5423406958580017,
    0.18750374019145966
  ],
  "4": [
    2.976574420928955,
    2.079573154449463,
    1.4673714637756348,
    1.2101664543151855,
    1.1552178859710693,
    0.8976563811302185,
    0.6722797155380249,
    0.7491817474365234,
    0.7265139818191528,
    0.5751081705093384,
    0.840868353843689,
    0.5791038274765015,
    0.4095137417316437,
    0.47538354992866516,
    0.38286736607551575,
    0.5791426301002502,
    0.4336055517196655,
    0.5937466621398926,
    0.25797945261001587,
    0.4417995810508728,
    0.5718572735786438,
    0.44790536165237427,
    0.3977292776107788,
    0.2570026218891144,
    0.2424384504556656,
    0.3552441895008087,
    0.46204039454460144,
    0.2586849331855774,
    0.2226010113954544,
    0.2727871239185333,
    0.18351469933986664,
    0.338553786277771,
    0.2829826772212982,
    0.24958010017871857,
    0.18963134288787842,
    0.42059606313705444,
    0.1838458627462387
  ],
  "5": [
    2.8740248680114746,
    2.0271849632263184,
    1.4714499711990356,
    1.1629663705825806,
    1.2269471883773804,
    0.9382270574569702,
    0.6761764883995056,
    0.7382117509841919,
    0.695551872253418,
    0.6662989854812622,
    0.689983606338501,
    0.5655477643013,
    0.33916571736335754,
    0.413412868976593,
    0.37927573919296265,
    0.4737228453159332,
    0.39927762746810913,
    0.4650089740753174,
    0.18966834247112274,
    0.3695875406265259,
    0.610064685344696,
    0.3276672661304474,
    0.28855299949645996,
    0.18317078053951263,
    0.17896898090839386,
    0.38118982315063477,
    0.4167654812335968,
    0.1950804889202118,
    0.15128420293331146,
    0.24708229303359985,
    0.19263166189193726,
    0.24471935629844666,
    0.21235214173793793,
    0.1747453510761261,
    0.12649178504943848,
    0.3014080822467804,
    0.15796415507793427
  ],
  "6": [
    2.823958396911621,
    2.0563459396362305,
    1.4898016452789307,
    1.1937966346740723,
    1.1872926950454712,
    0.8998847007751465,
    0.6617649793624878,
    0.7422225475311279,
    0.7737975120544434,
    0.6009640693664551,
    0.594008207321167,
    0.4950934648513794,
    0.3430778384208679,
    0.3916809558868408,
    0.3918161392211914,
    0.3912005126476288,
    0.4719898998737335,
    0.4349292516708374,
    0.2384604811668396,
    0.35410961508750916,
    0.5064148902893066,
    0.2661252021789551,
    0.29382309317588806,
    0.1663741171360016,
    0.16098414361476898,
    0.3208966851234436,
    0.3161680996417999,
    0.2865208685398102,
    0.17301444709300995,
    0.20031942427158356,
    0.17807821929454803,
    0.28548505902290344,
    0.28708088397979736,
    0.15821948647499084,
    0.19125111401081085,
    0.24469807744026184,
    0.14254629611968994
  ],
  "7": [
    2.8134872913360596,
    2.086700201034546,
    1.5383599996566772,
    1.2367759943008423,
    1.233771562576294,
    0.9316316843032837,
    0.6832627654075623,
    0.7524877786636353,
    0.7054527997970581,
    0.593501091003418,
    0.5329974293708801,
    0.45726779103279114,
    0.35379713773727417,
    0.3404427170753479,
    0.3429555892944336,
    0.38251569867134094,
    0.39847204089164734,
    0.47198623418807983,
    0.23556403815746307,
    0.2945140600204468,
    0.4905472695827484,
    0.2571536600589752,
    0.26395758986473083,
    0.1602882444858551,
    0.16265374422073364,
    0.2436535656452179,
    0.2686903774738312,
    0.25154945254325867,
    0.16661334037780762,
    0.1888362020254135,
    0.2074628472328186,
    0.26945850253105164,
    0.24990536272525787,
    0.14768223464488983,
    0.18417988717556,
    0.2114119678735733,
    0.1057964488863945
  ]
}